Date,Current_Close,Future_Date,Forecast_Steps,Actual_Future_Price,Predicted_Future_Price,Actual_Return,Predicted_Return
2023-05-30,201.16,2023-06-29,21,257.5,201.16000000000003,0.28007556174189707,2.220446049250313e-16
2023-05-31,203.93,2023-06-30,21,261.77,203.93,0.283626734663855,0.0
2023-06-01,207.52,2023-07-03,21,279.82,207.52,0.34840015420200454,0.0
2023-06-02,213.97,2023-07-03,20,279.82,213.97000000000017,0.30775342337710887,8.881784197001252e-16
2023-06-05,217.61,2023-07-05,20,282.48,217.61000000000007,0.29810210927806624,2.220446049250313e-16
2023-06-06,221.31,2023-07-06,20,276.54,221.30999999999992,0.24955944150738785,-3.3306690738754696e-16
2023-06-07,224.57,2023-07-07,20,274.43,224.5699999999999,0.22202431313176296,-3.3306690738754696e-16
2023-06-08,234.86,2023-07-10,20,269.61,234.85999999999996,0.14796048709869702,-2.220446049250313e-16
2023-06-09,244.4,2023-07-10,19,269.61,244.40000000000006,0.10315057283142393,2.220446049250313e-16
2023-06-12,249.83,2023-07-12,20,271.99,249.83000000000013,0.08870031621502616,4.440892098500626e-16
2023-06-13,258.71,2023-07-13,20,277.9,258.71000000000004,0.07417571798538902,2.220446049250313e-16
2023-06-14,256.79,2023-07-14,20,281.38,256.78999999999985,0.09575918065345213,-6.661338147750939e-16
2023-06-15,255.9,2023-07-17,20,290.38,255.90000000000006,0.1347401328644,2.220446049250313e-16
2023-06-16,260.54,2023-07-17,19,290.38,260.53999999999996,0.11453135794887537,-2.220446049250313e-16
2023-06-20,274.45,2023-07-20,21,262.9,274.45,-0.04208416833667339,0.0
2023-06-21,259.46,2023-07-21,21,260.02,259.4600000000001,0.0021583288368149933,4.440892098500626e-16
2023-06-22,264.61,2023-07-24,21,269.06,264.6099999999999,0.01681720267563569,-4.440892098500626e-16
2023-06-23,256.6,2023-07-24,20,269.06,256.59999999999997,0.048558067030397334,-2.220446049250313e-16
2023-06-26,241.05,2023-07-26,21,264.35,241.04999999999995,0.09666044389130879,-2.220446049250313e-16
2023-06-27,250.21,2023-07-27,21,255.71,250.21000000000004,0.021981535510171346,2.220446049250313e-16
2023-06-28,256.24,2023-07-28,21,266.44,256.24,0.03980643147049645,0.0
2023-06-29,257.5,2023-07-31,21,267.43,257.50000000000006,0.03856310679611652,2.220446049250313e-16
2023-06-30,261.77,2023-07-31,20,267.43,261.7699999999999,0.021622034610536023,-2.220446049250313e-16
2023-07-03,279.82,2023-08-02,21,254.11,279.82000000000016,-0.09188049460367376,6.661338147750939e-16
2023-07-05,282.48,2023-08-04,22,253.86,282.47999999999996,-0.10131690739167376,-2.220446049250313e-16
2023-07-06,276.54,2023-08-07,22,251.45,276.53999999999996,-0.09072828523902521,-2.220446049250313e-16
2023-07-07,274.43,2023-08-07,21,251.45,274.4300000000001,-0.083737200743359,4.440892098500626e-16
2023-07-10,269.61,2023-08-09,22,242.19,269.61000000000007,-0.1017024591075999,2.220446049250313e-16
2023-07-11,269.79,2023-08-10,22,245.34,269.78999999999996,-0.09062604247748252,-2.220446049250313e-16
2023-07-12,271.99,2023-08-11,22,242.65,271.98999999999995,-0.1078716129269458,-2.220446049250313e-16
2023-07-13,277.9,2023-08-14,22,239.76,277.9000000000001,-0.13724361281036335,4.440892098500626e-16
2023-07-14,281.38,2023-08-14,21,239.76,281.38,-0.14791385315232075,0.0
2023-07-17,290.38,2023-08-16,22,225.6,290.38,-0.22308698946208416,0.0
2023-07-18,293.34,2023-08-17,22,219.22,293.33999999999986,-0.2526760755437376,-3.3306690738754696e-16
2023-07-19,291.26,2023-08-18,22,215.49,291.2600000000001,-0.26014557440087893,4.440892098500626e-16
2023-07-20,262.9,2023-08-21,22,231.28,262.9000000000001,-0.12027386839102316,4.440892098500626e-16
2023-07-21,260.02,2023-08-21,21,231.28,260.02000000000004,-0.11052995923390507,2.220446049250313e-16
2023-07-24,269.06,2023-08-23,22,236.86,269.05999999999995,-0.11967590871924472,-2.220446049250313e-16
2023-07-25,265.28,2023-08-24,22,230.04,265.28000000000003,-0.1328407720144752,2.220446049250313e-16
2023-07-26,264.35,2023-08-25,22,238.59,264.35000000000014,-0.09744656705125787,4.440892098500626e-16
2023-07-27,255.71,2023-08-28,22,238.82,255.70999999999995,-0.06605138633608387,-2.220446049250313e-16
2023-07-28,266.44,2023-08-28,21,238.82,266.44000000000005,-0.10366311364659964,2.220446049250313e-16
2023-07-31,267.43,2023-08-30,22,256.9,267.43000000000006,-0.039374789664585186,2.220446049250313e-16
2023-08-01,261.07,2023-08-31,22,258.08,261.06999999999994,-0.011452867047152093,-2.220446049250313e-16
2023-08-02,254.11,2023-09-01,22,245.01,254.10999999999996,-0.035811262838928104,-2.220446049250313e-16
2023-08-03,259.32,2023-09-05,22,256.49,259.3199999999999,-0.010913157488816827,-4.440892098500626e-16
2023-08-04,253.86,2023-09-05,21,256.49,253.8599999999999,0.010360040967462458,-4.440892098500626e-16
2023-08-07,251.45,2023-09-06,21,251.92,251.45000000000002,0.0018691588785046953,2.220446049250313e-16
2023-08-08,249.7,2023-09-07,21,251.49,249.70000000000005,0.007168602322787487,2.220446049250313e-16
2023-08-09,242.19,2023-09-08,21,248.5,242.19000000000008,0.02605392460464917,4.440892098500626e-16
2023-08-10,245.34,2023-09-11,21,273.58,245.33999999999995,0.11510556778348402,-2.220446049250313e-16
2023-08-11,242.65,2023-09-11,20,273.58,242.64999999999995,0.12746754584792908,-2.220446049250313e-16
2023-08-14,239.76,2023-09-13,21,271.3,239.7599999999999,0.13154821488154833,-3.3306690738754696e-16
2023-08-15,232.96,2023-09-14,21,276.04,232.96,0.1849244505494505,0.0
2023-08-16,225.6,2023-09-15,21,274.39,225.60000000000008,0.21626773049645398,4.440892098500626e-16
2023-08-17,219.22,2023-09-18,21,265.28,219.21999999999997,0.2101085667366116,-1.1102230246251565e-16
2023-08-18,215.49,2023-09-18,20,265.28,215.49,0.2310548053273933,0.0
2023-08-21,231.28,2023-09-20,21,262.59,231.2800000000001,0.1353770321687997,4.440892098500626e-16
2023-08-22,233.19,2023-09-21,21,255.7,233.19000000000003,0.09653072601741064,2.220446049250313e-16
2023-08-23,236.86,2023-09-22,21,244.88,236.85999999999999,0.033859663936502526,-1.1102230246251565e-16
2023-08-24,230.04,2023-09-25,21,246.99,230.04000000000002,0.07368283776734486,2.220446049250313e-16
2023-08-25,238.59,2023-09-25,20,246.99,238.59000000000003,0.03520684018609321,2.220446049250313e-16
2023-08-28,238.82,2023-09-27,21,240.5,238.82000000000008,0.007034586718030367,4.440892098500626e-16
2023-08-29,257.18,2023-09-28,21,246.38,257.18000000000006,-0.04199393420950315,2.220446049250313e-16
2023-08-30,256.9,2023-09-29,21,250.22,256.9000000000001,-0.026002335539120236,4.440892098500626e-16
2023-08-31,258.08,2023-10-02,21,251.6,258.08000000000004,-0.02510849349039057,2.220446049250313e-16
2023-09-01,245.01,2023-10-02,20,251.6,245.00999999999993,0.026896861352597945,-2.220446049250313e-16
2023-09-05,256.49,2023-10-05,22,260.05,256.49,0.013879683418456912,0.0
2023-09-06,251.92,2023-10-06,22,260.53,251.92000000000004,0.03417751667195934,2.220446049250313e-16
2023-09-07,251.49,2023-10-09,22,259.67,251.49000000000012,0.032526144180683225,4.440892098500626e-16
2023-09-08,248.5,2023-10-09,21,259.67,248.50000000000026,0.04494969818913486,1.1102230246251565e-15
2023-09-11,273.58,2023-10-11,22,262.99,273.5800000000001,-0.038708969953943906,4.440892098500626e-16
2023-09-12,267.48,2023-10-12,22,258.87,267.4800000000001,-0.03218932256617324,2.220446049250313e-16
2023-09-13,271.3,2023-10-13,22,251.12,271.30000000000007,-0.07438260228529303,2.220446049250313e-16
2023-09-14,276.04,2023-10-16,22,253.92,276.0400000000001,-0.08013331401246204,2.220446049250313e-16
2023-09-15,274.39,2023-10-16,21,253.92,274.39000000000004,-0.07460184409052806,2.220446049250313e-16
2023-09-18,265.28,2023-10-18,22,242.68,265.28000000000003,-0.08519300361881776,2.220446049250313e-16
2023-09-19,266.5,2023-10-19,22,220.11,266.4999999999999,-0.17407129455909942,-4.440892098500626e-16
2023-09-20,262.59,2023-10-20,22,211.99,262.59000000000003,-0.19269583761757858,2.220446049250313e-16
2023-09-21,255.7,2023-10-23,22,212.08,255.70000000000007,-0.17059053578412198,4.440892098500626e-16
2023-09-22,244.88,2023-10-23,21,212.08,244.88000000000002,-0.13394315583142757,2.220446049250313e-16
2023-09-25,246.99,2023-10-25,22,212.42,246.98999999999992,-0.13996518077654974,-3.3306690738754696e-16
2023-09-26,244.12,2023-10-26,22,205.76,244.12000000000012,-0.1571358348353269,4.440892098500626e-16
2023-09-27,240.5,2023-10-27,22,207.3,240.49999999999994,-0.13804573804573805,-2.220446049250313e-16
2023-09-28,246.38,2023-10-30,22,197.36,246.37999999999988,-0.19896095462294006,-4.440892098500626e-16
2023-09-29,250.22,2023-10-30,21,197.36,250.22000000000006,-0.21125409639517223,2.220446049250313e-16
2023-10-02,251.6,2023-11-01,22,205.66,251.6000000000001,-0.18259141494435616,4.440892098500626e-16
2023-10-03,246.53,2023-11-02,22,218.51,246.53000000000006,-0.11365756703038177,2.220446049250313e-16
2023-10-04,261.16,2023-11-03,22,219.96,261.15999999999997,-0.15775769643130655,-2.220446049250313e-16
2023-10-05,260.05,2023-11-06,22,219.27,260.04999999999995,-0.15681599692366854,-2.220446049250313e-16
2023-10-06,260.53,2023-11-06,21,219.27,260.52999999999986,-0.15836947760334685,-4.440892098500626e-16
2023-10-09,259.67,2023-11-08,22,222.11,259.67,-0.14464512650672012,0.0
2023-10-10,263.62,2023-11-09,22,209.98,263.61999999999995,-0.2034746984295578,-2.220446049250313e-16
2023-10-11,262.99,2023-11-10,22,214.65,262.99000000000007,-0.1838092703144606,2.220446049250313e-16
2023-10-12,258.87,2023-11-13,22,223.71,258.86999999999995,-0.13582106848997566,-2.220446049250313e-16
2023-10-13,251.12,2023-11-13,21,223.71,251.12,-0.10915100350430074,0.0
2023-10-16,253.92,2023-11-15,22,242.84,253.92000000000004,-0.04363579080025204,2.220446049250313e-16
2023-10-17,254.85,2023-11-16,22,233.59,254.84999999999988,-0.08342162056111435,-4.440892098500626e-16
2023-10-18,242.68,2023-11-17,22,234.3,242.68000000000004,-0.03453106972144382,2.220446049250313e-16
2023-10-19,220.11,2023-11-20,22,235.6,220.10999999999993,0.0703739039571123,-3.3306690738754696e-16
2023-10-20,211.99,2023-11-20,21,235.6,211.98999999999995,0.11137317798009327,-2.220446049250313e-16
2023-10-23,212.08,2023-11-22,22,234.21,212.07999999999996,0.10434741606940778,-2.220446049250313e-16
2023-10-24,216.52,2023-11-24,22,235.45,216.51999999999995,0.08742841307962301,-2.220446049250313e-16
2023-10-25,212.42,2023-11-24,21,235.45,212.42000000000007,0.10841728650786187,4.440892098500626e-16
2023-10-26,205.76,2023-11-27,21,236.08,205.75999999999993,0.14735614307931577,-2.220446049250313e-16
2023-10-27,207.3,2023-11-27,20,236.08,207.3000000000001,0.13883260974433198,4.440892098500626e-16
2023-10-30,197.36,2023-11-29,21,244.14,197.35999999999996,0.2370287798946087,-3.3306690738754696e-16
2023-10-31,200.84,2023-11-30,21,240.08,200.84,0.19537940649273056,0.0
2023-11-01,205.66,2023-12-01,21,238.83,205.6599999999999,0.1612856170378294,-4.440892098500626e-16
2023-11-02,218.51,2023-12-04,21,235.58,218.51000000000008,0.07811999450826068,4.440892098500626e-16
2023-11-03,219.96,2023-12-04,20,235.58,219.95999999999995,0.07101291143844346,-2.220446049250313e-16
2023-11-06,219.27,2023-12-06,21,239.37,219.26999999999992,0.0916678068135175,-4.440892098500626e-16
2023-11-07,222.18,2023-12-07,21,242.64,222.18,0.09208749662435856,0.0
2023-11-08,222.11,2023-12-08,21,243.84,222.10999999999996,0.09783440637521945,-2.220446049250313e-16
2023-11-09,209.98,2023-12-11,21,239.74,209.9799999999999,0.14172778359843807,-4.440892098500626e-16
2023-11-10,214.65,2023-12-11,20,239.74,214.64999999999995,0.11688795713952937,-2.220446049250313e-16
2023-11-13,223.71,2023-12-13,21,239.29,223.71000000000004,0.06964373519288358,2.220446049250313e-16
2023-11-14,237.41,2023-12-14,21,251.05,237.41000000000003,0.0574533507434396,2.220446049250313e-16
2023-11-15,242.84,2023-12-15,21,253.5,242.8400000000001,0.04389721627408982,4.440892098500626e-16
2023-11-16,233.59,2023-12-18,21,252.08,233.59000000000012,0.0791557857785008,4.440892098500626e-16
2023-11-17,234.3,2023-12-18,20,252.08,234.30000000000007,0.07588561673068717,2.220446049250313e-16
2023-11-20,235.6,2023-12-20,21,247.14,235.59999999999994,0.04898132427843804,-2.220446049250313e-16
2023-11-21,241.2,2023-12-21,21,254.5,241.20000000000007,0.05514096185737971,4.440892098500626e-16
2023-11-22,234.21,2023-12-22,21,252.54,234.2100000000001,0.07826309722044322,4.440892098500626e-16
2023-11-24,235.45,2023-12-26,21,256.61,235.44999999999996,0.08987046081970695,-1.1102230246251565e-16
2023-11-27,236.08,2023-12-27,21,261.44,236.07999999999993,0.10742121314808539,-3.3306690738754696e-16
2023-11-28,246.72,2023-12-28,21,253.18,246.71999999999994,0.026183527885862645,-2.220446049250313e-16
2023-11-29,244.14,2023-12-29,21,248.48,244.14000000000004,0.017776685508315015,2.220446049250313e-16
2023-11-30,240.08,2024-01-02,21,248.42,240.07999999999993,0.03473842052649112,-3.3306690738754696e-16
2023-12-01,238.83,2024-01-02,20,248.42,238.83000000000007,0.04015408449524749,2.220446049250313e-16
2023-12-04,235.58,2024-01-03,20,238.45,235.57999999999996,0.012182698021903304,-2.220446049250313e-16
2023-12-05,238.72,2024-01-04,20,237.93,238.7199999999999,-0.003309316353887315,-3.3306690738754696e-16
2023-12-06,239.37,2024-01-05,20,237.49,239.37000000000003,-0.007853949951957206,2.220446049250313e-16
2023-12-07,242.64,2024-01-08,20,240.45,242.64000000000007,-0.00902571711177047,4.440892098500626e-16
2023-12-08,243.84,2024-01-08,19,240.45,243.8400000000001,-0.013902559055118169,4.440892098500626e-16
2023-12-11,239.74,2024-01-10,20,233.94,239.73999999999992,-0.024192875615249854,-3.3306690738754696e-16
2023-12-12,237.01,2024-01-11,20,227.22,237.01000000000002,-0.041306273996877696,2.220446049250313e-16
2023-12-13,239.29,2024-01-12,20,218.89,239.29000000000005,-0.08525220443812953,2.220446049250313e-16
2023-12-14,251.05,2024-01-16,20,219.91,251.04999999999998,-0.1240390360485959,-1.1102230246251565e-16
2023-12-15,253.5,2024-01-16,19,219.91,253.50000000000006,-0.13250493096646943,2.220446049250313e-16
2023-12-18,252.08,2024-01-17,19,215.55,252.07999999999998,-0.14491431291653445,-1.1102230246251565e-16
2023-12-19,257.22,2024-01-18,19,211.88,257.2200000000001,-0.17626934141979644,2.220446049250313e-16
2023-12-20,247.14,2024-01-19,19,212.19,247.14000000000004,-0.1414178198591891,2.220446049250313e-16
2023-12-21,254.5,2024-01-22,19,208.8,254.49999999999991,-0.17956777996070727,-3.3306690738754696e-16
2023-12-22,252.54,2024-01-22,18,208.8,252.5400000000001,-0.17320028510334984,4.440892098500626e-16
2023-12-26,256.61,2024-01-25,20,182.63,256.60999999999996,-0.28829741631269246,-2.220446049250313e-16
2023-12-27,261.44,2024-01-26,20,183.25,261.44000000000005,-0.29907435740514077,2.220446049250313e-16
2023-12-28,253.18,2024-01-29,20,190.93,253.17999999999984,-0.24587250177739162,-6.661338147750939e-16
2023-12-29,248.48,2024-01-29,19,190.93,248.47999999999993,-0.23160817772054088,-2.220446049250313e-16
2024-01-02,248.42,2024-02-01,21,188.86,248.42000000000016,-0.23975525320022528,6.661338147750939e-16
2024-01-03,238.45,2024-02-02,21,187.91,238.45,-0.2119521912350597,0.0
2024-01-04,237.93,2024-02-05,21,181.06,237.93000000000006,-0.2390198797965788,2.220446049250313e-16
2024-01-05,237.49,2024-02-05,20,181.06,237.48999999999992,-0.23761000463177395,-3.3306690738754696e-16
2024-01-08,240.45,2024-02-07,21,187.58,240.4499999999999,-0.2198793928051569,-3.3306690738754696e-16
2024-01-09,234.96,2024-02-08,21,189.56,234.96,-0.19322437861763708,0.0
2024-01-10,233.94,2024-02-09,21,193.57,233.94000000000008,-0.1725656151149868,4.440892098500626e-16
2024-01-11,227.22,2024-02-12,21,188.13,227.21999999999994,-0.17203591233166093,-2.220446049250313e-16
2024-01-12,218.89,2024-02-12,20,188.13,218.88999999999993,-0.14052720544565755,-2.220446049250313e-16
2024-01-16,219.91,2024-02-15,22,200.45,219.91000000000003,-0.08849074621436048,2.220446049250313e-16
2024-01-17,215.55,2024-02-16,22,199.95,215.55,-0.0723729993041059,0.0
2024-01-18,211.88,2024-02-20,22,193.76,211.87999999999997,-0.08552010572021906,-1.1102230246251565e-16
2024-01-19,212.19,2024-02-20,21,193.76,212.18999999999994,-0.08685611951552852,-2.220446049250313e-16
2024-01-22,208.8,2024-02-21,21,194.77,208.80000000000007,-0.06719348659003832,2.220446049250313e-16
2024-01-23,209.14,2024-02-22,21,197.41,209.14000000000007,-0.056086831787319436,4.440892098500626e-16
2024-01-24,207.83,2024-02-23,21,191.97,207.83,-0.07631237068758123,0.0
2024-01-25,182.63,2024-02-26,21,199.4,182.63,0.09182500136888794,0.0
2024-01-26,183.25,2024-02-26,20,199.4,183.24999999999994,0.08813096862210101,-3.3306690738754696e-16
2024-01-29,190.93,2024-02-28,21,202.04,190.93000000000006,0.05818886502906806,2.220446049250313e-16
2024-01-30,191.59,2024-02-29,21,201.88,191.58999999999997,0.053708439897698135,-1.1102230246251565e-16
2024-01-31,187.29,2024-03-01,21,202.64,187.28999999999996,0.08195846014202579,-1.1102230246251565e-16
2024-02-01,188.86,2024-03-04,21,188.14,188.85999999999993,-0.0038123477708357223,-4.440892098500626e-16
2024-02-02,187.91,2024-03-04,20,188.14,187.90999999999997,0.001223990208078174,-1.1102230246251565e-16
2024-02-05,181.06,2024-03-06,21,176.54,181.05999999999995,-0.024964100298243697,-3.3306690738754696e-16
2024-02-06,185.1,2024-03-07,21,178.65,185.10000000000005,-0.034846029173419724,2.220446049250313e-16
2024-02-07,187.58,2024-03-08,21,175.34,187.58000000000004,-0.06525215907879311,2.220446049250313e-16
2024-02-08,189.56,2024-03-11,21,177.77,189.55999999999997,-0.062196665963283326,-1.1102230246251565e-16
2024-02-09,193.57,2024-03-11,20,177.77,193.57000000000005,-0.08162421862891966,2.220446049250313e-16
2024-02-12,188.13,2024-03-13,21,169.48,188.13000000000002,-0.09913357784510712,2.220446049250313e-16
2024-02-13,184.02,2024-03-14,21,162.5,184.01999999999992,-0.11694381045538538,-4.440892098500626e-16
2024-02-14,188.71,2024-03-15,21,163.57,188.71000000000004,-0.1332202850935298,2.220446049250313e-16
2024-02-15,200.45,2024-03-18,21,173.8,200.44999999999993,-0.1329508605637315,-3.3306690738754696e-16
2024-02-16,199.95,2024-03-18,20,173.8,199.9499999999999,-0.13078269567391843,-4.440892098500626e-16
2024-02-20,193.76,2024-03-21,22,172.82,193.7599999999999,-0.10807184145334436,-4.440892098500626e-16
2024-02-21,194.77,2024-03-22,22,170.83,194.76999999999992,-0.12291420649997431,-4.440892098500626e-16
2024-02-22,197.41,2024-03-25,22,172.63,197.41000000000005,-0.12552555594954662,2.220446049250313e-16
2024-02-23,191.97,2024-03-25,21,172.63,191.97000000000006,-0.10074490805855085,2.220446049250313e-16
2024-02-26,199.4,2024-03-27,22,179.83,199.39999999999995,-0.09814443329989964,-3.3306690738754696e-16
2024-02-27,199.73,2024-03-28,22,175.79,199.72999999999996,-0.11986181344815505,-1.1102230246251565e-16
2024-02-28,202.04,2024-04-01,22,175.22,202.03999999999996,-0.13274599089289252,-1.1102230246251565e-16
2024-02-29,201.88,2024-04-01,21,175.22,201.88000000000002,-0.1320586487021993,2.220446049250313e-16
2024-03-01,202.64,2024-04-01,20,175.22,202.64,-0.1353138570864587,0.0
2024-03-04,188.14,2024-04-03,21,168.38,188.14000000000001,-0.1050281705113213,2.220446049250313e-16
2024-03-05,180.74,2024-04-04,21,171.11,180.73999999999995,-0.053280956069492014,-3.3306690738754696e-16
2024-03-06,176.54,2024-04-05,21,164.9,176.54000000000005,-0.06593406593406581,2.220446049250313e-16
2024-03-07,178.65,2024-04-08,21,172.98,178.64999999999995,-0.03173803526448371,-3.3306690738754696e-16
2024-03-08,175.34,2024-04-08,20,172.98,175.34000000000015,-0.013459564275122737,8.881784197001252e-16
2024-03-11,177.77,2024-04-10,21,171.76,177.77000000000007,-0.033807729088147664,2.220446049250313e-16
2024-03-12,177.54,2024-04-11,21,174.6,177.54000000000002,-0.016559648529908766,2.220446049250313e-16
2024-03-13,169.48,2024-04-12,21,171.05,169.47999999999993,0.00926362992683516,-3.3306690738754696e-16
2024-03-14,162.5,2024-04-15,21,161.48,162.49999999999994,-0.00627692307692318,-3.3306690738754696e-16
2024-03-15,163.57,2024-04-15,20,161.48,163.56999999999994,-0.012777404169468709,-3.3306690738754696e-16
2024-03-18,173.8,2024-04-17,21,155.45,173.8,-0.10558112773302664,0.0
2024-03-19,171.32,2024-04-18,21,149.93,171.32,-0.124854074247023,0.0
2024-03-20,175.66,2024-04-19,21,147.0101,175.65999999999994,-0.16309859956734607,-3.3306690738754696e-16
2024-03-21,172.82,2024-04-22,21,142.05,172.81999999999996,-0.17804652239324148,-1.1102230246251565e-16
2024-03-22,170.83,2024-04-22,20,142.05,170.83000000000007,-0.168471579933267,2.220446049250313e-16
2024-03-25,172.63,2024-04-24,21,162.13,172.62999999999997,-0.060823727046283915,-1.1102230246251565e-16
2024-03-26,177.67,2024-04-25,21,170.18,177.67000000000004,-0.04215680756458595,2.220446049250313e-16
2024-03-27,179.83,2024-04-26,21,168.29,179.83000000000004,-0.06417171773341501,2.220446049250313e-16
2024-03-28,175.79,2024-04-29,21,194.05,175.79000000000005,0.10387394049718424,2.220446049250313e-16
2024-04-01,175.22,2024-05-01,22,179.99,175.22000000000003,0.027222919758018493,2.220446049250313e-16
2024-04-02,166.63,2024-05-02,22,180.01,166.63000000000005,0.08029766548640693,4.440892098500626e-16
2024-04-03,168.38,2024-05-03,22,181.19,168.38,0.07607791899275451,0.0
2024-04-04,171.11,2024-05-06,22,184.76,171.11000000000004,0.07977324528081331,2.220446049250313e-16
2024-04-05,164.9,2024-05-06,21,184.76,164.89999999999998,0.12043662825955126,-2.220446049250313e-16
2024-04-08,172.98,2024-05-08,22,174.72,172.98000000000005,0.010058966354491883,2.220446049250313e-16
2024-04-09,176.88,2024-05-09,22,171.97,176.88,-0.027758932609678877,0.0
2024-04-10,171.76,2024-05-10,22,168.47,171.76,-0.019154634373544477,0.0
2024-04-11,174.6,2024-05-13,22,171.89,174.59999999999994,-0.015521191294387227,-3.3306690738754696e-16
2024-04-12,171.05,2024-05-13,21,171.89,171.0500000000001,0.004910844782227253,4.440892098500626e-16
2024-04-15,161.48,2024-05-15,22,173.99,161.48000000000005,0.07747089422838749,4.440892098500626e-16
2024-04-16,157.11,2024-05-16,22,174.84,157.11000000000007,0.11285086881802542,4.440892098500626e-16
2024-04-17,155.45,2024-05-17,22,177.46,155.44999999999993,0.14158893534898698,-3.3306690738754696e-16
2024-04-18,149.93,2024-05-20,22,174.95,149.93,0.1668778763422929,0.0
2024-04-19,147.0101,2024-05-20,21,174.95,147.01009999999997,0.19005428878696096,-2.220446049250313e-16
2024-04-22,142.05,2024-05-22,22,180.11,142.05,0.26793382611756433,0.0
2024-04-23,144.68,2024-05-23,22,173.74,144.67999999999998,0.2008570638650815,-2.220446049250313e-16
2024-04-24,162.13,2024-05-24,22,179.24,162.13,0.1055325972984642,0.0
2024-04-25,170.18,2024-05-28,22,176.75,170.18000000000004,0.038606181689975205,2.220446049250313e-16
2024-04-26,168.29,2024-05-28,21,176.75,168.28999999999994,0.05027036662903317,-3.3306690738754696e-16
2024-04-29,194.05,2024-05-29,21,176.19,194.04999999999993,-0.09203813450141718,-4.440892098500626e-16
2024-04-30,183.28,2024-05-30,21,178.79,183.28000000000006,-0.024498035792230533,2.220446049250313e-16
2024-05-01,179.99,2024-05-31,21,178.08,179.98999999999998,-0.010611700650036138,-1.1102230246251565e-16
2024-05-02,180.01,2024-06-03,21,176.29,180.01,-0.020665518582300924,0.0
2024-05-03,181.19,2024-06-03,20,176.29,181.19000000000008,-0.027043435068160537,4.440892098500626e-16
2024-05-06,184.76,2024-06-05,21,175.0,184.75999999999996,-0.05282528685862731,-1.1102230246251565e-16
2024-05-07,177.81,2024-06-06,21,177.94,177.81000000000003,0.0007311174849558011,2.220446049250313e-16
2024-05-08,174.72,2024-06-07,21,177.48,174.72000000000003,0.01579670329670324,2.220446049250313e-16
2024-05-09,171.97,2024-06-10,21,173.79,171.9699999999999,0.010583241263010912,-4.440892098500626e-16
2024-05-10,168.47,2024-06-10,20,173.79,168.47,0.03157832255000881,0.0
2024-05-13,171.89,2024-06-12,21,177.29,171.89000000000001,0.03141544010704522,2.220446049250313e-16
2024-05-14,177.55,2024-06-13,21,182.47,177.54999999999998,0.027710504083356735,-1.1102230246251565e-16
2024-05-15,173.99,2024-06-14,21,178.01,173.98999999999995,0.02310477613655948,-3.3306690738754696e-16
2024-05-16,174.84,2024-06-17,21,187.44,174.83999999999997,0.07206588881262865,-1.1102230246251565e-16
2024-05-17,177.46,2024-06-17,20,187.44,177.45999999999992,0.056238025470528585,-4.440892098500626e-16
2024-05-20,174.95,2024-06-20,21,181.57,174.95000000000005,0.03783938268076592,2.220446049250313e-16
2024-05-21,186.6,2024-06-20,20,181.57,186.6,-0.026956055734190798,0.0
2024-05-22,180.11,2024-06-21,20,183.01,180.11,0.01610127144522777,0.0
2024-05-23,173.74,2024-06-24,20,182.58,173.73999999999995,0.050880626223092085,-3.3306690738754696e-16
2024-05-24,179.24,2024-06-24,19,182.58,179.23999999999998,0.018634233430038005,-1.1102230246251565e-16
2024-05-28,176.75,2024-06-27,21,197.42,176.75000000000003,0.1169448373408768,2.220446049250313e-16
2024-05-29,176.19,2024-06-28,21,197.88,176.18999999999994,0.12310573812361647,-3.3306690738754696e-16
2024-05-30,178.79,2024-07-01,21,209.86,178.79,0.17377929414396798,0.0
2024-05-31,178.08,2024-07-01,20,209.86,178.08,0.17845911949685545,0.0
2024-06-03,176.29,2024-07-03,21,246.39,176.28999999999996,0.39764025185773444,-1.1102230246251565e-16
2024-06-04,174.77,2024-07-05,21,251.52,174.77,0.4391485952966756,0.0
2024-06-05,175.0,2024-07-05,20,251.52,175.00000000000006,0.437257142857143,2.220446049250313e-16
2024-06-06,177.94,2024-07-08,20,252.94,177.94,0.4214903900191076,0.0
2024-06-07,177.48,2024-07-08,19,252.94,177.48000000000002,0.4251746675681767,2.220446049250313e-16
2024-06-10,173.79,2024-07-10,20,263.26,173.79000000000005,0.5148167328384832,2.220446049250313e-16
2024-06-11,170.66,2024-07-11,20,241.03,170.66000000000005,0.4123403257939764,4.440892098500626e-16
2024-06-12,177.29,2024-07-12,20,248.23,177.29000000000002,0.4001353714253484,2.220446049250313e-16
2024-06-13,182.47,2024-07-15,20,252.64,182.46999999999997,0.38455636542993354,-1.1102230246251565e-16
2024-06-14,178.01,2024-07-15,19,252.64,178.01000000000005,0.41924610976911403,2.220446049250313e-16
2024-06-17,187.44,2024-07-17,20,248.5,187.44000000000005,0.3257575757575757,2.220446049250313e-16
2024-06-18,184.86,2024-07-18,20,249.23,184.85999999999996,0.34820945580439244,-3.3306690738754696e-16
2024-06-20,181.57,2024-07-22,21,251.51,181.57000000000005,0.38519579225642997,2.220446049250313e-16
2024-06-21,183.01,2024-07-22,20,251.51,183.01000000000008,0.37429648653079073,4.440892098500626e-16
2024-06-24,182.58,2024-07-24,21,215.99,182.57999999999998,0.18298827911052684,-1.1102230246251565e-16
2024-06-25,187.35,2024-07-25,21,220.25,187.35,0.1756071523885776,0.0
2024-06-26,196.37,2024-07-26,21,219.8,196.37000000000003,0.11931557773590673,2.220446049250313e-16
2024-06-27,197.42,2024-07-29,21,232.1,197.42000000000002,0.17566609259446864,2.220446049250313e-16
2024-06-28,197.88,2024-07-29,20,232.1,197.88000000000002,0.17293309076207808,2.220446049250313e-16
2024-07-01,209.86,2024-07-31,21,232.07,209.85999999999996,0.10583245973506128,-2.220446049250313e-16
2024-07-02,231.26,2024-08-01,21,216.86,231.26000000000002,-0.06226757761826507,2.220446049250313e-16
2024-07-03,246.39,2024-08-02,21,207.67,246.39000000000007,-0.15714923495271726,4.440892098500626e-16
2024-07-05,251.52,2024-08-05,21,198.88,251.52,-0.20928753180661586,0.0
2024-07-08,252.94,2024-08-07,22,191.76,252.94000000000003,-0.24187554360717956,2.220446049250313e-16
2024-07-09,262.33,2024-08-08,22,198.84,262.33,-0.24202340563412494,0.0
2024-07-10,263.26,2024-08-09,22,200.0,263.25999999999993,-0.24029476563093521,-2.220446049250313e-16
2024-07-11,241.03,2024-08-12,22,197.49,241.03000000000003,-0.18064141393187572,2.220446049250313e-16
2024-07-12,248.23,2024-08-12,21,197.49,248.23000000000008,-0.20440720299722026,4.440892098500626e-16
2024-07-15,252.64,2024-08-14,22,201.38,252.63999999999996,-0.20289740341988594,-1.1102230246251565e-16
2024-07-16,256.56,2024-08-15,22,214.14,256.56000000000023,-0.16534144059869038,8.881784197001252e-16
2024-07-17,248.5,2024-08-16,22,216.12,248.50000000000026,-0.1303018108651911,1.1102230246251565e-15
2024-07-18,249.23,2024-08-19,22,222.72,249.22999999999988,-0.10636761224571678,-4.440892098500626e-16
2024-07-19,239.2,2024-08-19,21,222.72,239.1999999999999,-0.06889632107023402,-3.3306690738754696e-16
2024-07-22,251.51,2024-08-21,22,223.27,251.51,-0.11228181782036495,0.0
2024-07-23,246.38,2024-08-22,22,210.66,246.37999999999988,-0.14497930026787886,-4.440892098500626e-16
2024-07-24,215.99,2024-08-23,22,220.32,215.98999999999998,0.020047224408537456,-1.1102230246251565e-16
2024-07-25,220.25,2024-08-26,22,213.21,220.25000000000006,-0.031963677639046506,2.220446049250313e-16
2024-07-26,219.8,2024-08-26,21,213.21,219.79999999999993,-0.02998180163785258,-3.3306690738754696e-16
2024-07-29,232.1,2024-08-28,22,205.75,232.10000000000002,-0.11352865144334334,2.220446049250313e-16
2024-07-30,222.62,2024-08-29,22,206.28,222.61999999999992,-0.07339861647650703,-3.3306690738754696e-16
2024-07-31,232.07,2024-08-30,22,214.11,232.07,-0.07739044253888905,0.0
2024-08-01,216.86,2024-09-03,22,210.6,216.85999999999993,-0.028866549847828216,-4.440892098500626e-16
2024-08-02,207.67,2024-09-03,21,210.6,207.66999999999993,0.014108922810227797,-2.220446049250313e-16
2024-08-05,198.88,2024-09-04,21,219.41,198.88000000000005,0.10322807723250205,2.220446049250313e-16
2024-08-06,200.64,2024-09-05,21,230.17,200.64000000000004,0.1471790271132376,2.220446049250313e-16
2024-08-07,191.76,2024-09-06,21,210.73,191.76000000000002,0.09892574050896963,2.220446049250313e-16
2024-08-08,198.84,2024-09-09,21,216.27,198.84000000000012,0.08765841882920955,6.661338147750939e-16
2024-08-09,200.0,2024-09-09,20,216.27,199.99999999999991,0.08135000000000003,-4.440892098500626e-16
2024-08-12,197.49,2024-09-11,21,228.13,197.48999999999995,0.15514709605549637,-3.3306690738754696e-16
2024-08-13,207.83,2024-09-12,21,229.81,207.83,0.10575951498821157,0.0
2024-08-14,201.38,2024-09-13,21,230.29,201.38000000000005,0.14355943986493203,2.220446049250313e-16
2024-08-15,214.14,2024-09-16,21,226.78,214.13999999999996,0.05902680489399459,-1.1102230246251565e-16
2024-08-16,216.12,2024-09-16,20,226.78,216.12,0.049324449379974045,0.0
2024-08-19,222.72,2024-09-18,21,227.2,222.72000000000006,0.02011494252873569,2.220446049250313e-16
2024-08-20,221.1,2024-09-19,21,243.92,221.09999999999997,0.10321121664405242,-1.1102230246251565e-16
2024-08-21,223.27,2024-09-20,21,238.25,223.26999999999998,0.06709365342410534,-1.1102230246251565e-16
2024-08-22,210.66,2024-09-23,21,250.0,210.66,0.18674641602582365,0.0
2024-08-23,220.32,2024-09-23,20,250.0,220.32000000000008,0.13471314451706617,4.440892098500626e-16
2024-08-26,213.21,2024-09-25,21,257.02,213.21000000000006,0.2054781670653345,2.220446049250313e-16
2024-08-27,209.21,2024-09-26,21,254.22,209.21000000000004,0.21514267960422528,2.220446049250313e-16
2024-08-28,205.75,2024-09-27,21,260.46,205.74999999999994,0.2659052247873632,-2.220446049250313e-16
2024-08-29,206.28,2024-09-30,21,261.63,206.27999999999997,0.26832460732984287,-1.1102230246251565e-16
2024-08-30,214.11,2024-09-30,20,261.63,214.11000000000004,0.22194199243379553,2.220446049250313e-16
2024-09-03,210.6,2024-10-03,22,240.66,210.59999999999997,0.14273504273504267,-1.1102230246251565e-16
2024-09-04,219.41,2024-10-04,22,250.08,219.41000000000005,0.13978396609088017,2.220446049250313e-16
2024-09-05,230.17,2024-10-07,22,240.83,230.17,0.04631359429986537,0.0
2024-09-06,210.73,2024-10-07,21,240.83,210.73000000000002,0.14283680539078447,2.220446049250313e-16
2024-09-09,216.27,2024-10-09,22,241.05,216.27,0.11457899847412967,0.0
2024-09-10,226.17,2024-10-10,22,238.77,226.17000000000002,0.055710306406685284,2.220446049250313e-16
2024-09-11,228.13,2024-10-11,22,217.8,228.13000000000008,-0.045281199316179355,4.440892098500626e-16
2024-09-12,229.81,2024-10-14,22,219.16,229.80999999999992,-0.04634263086897872,-3.3306690738754696e-16
2024-09-13,230.29,2024-10-14,21,219.16,230.29,-0.048330366060184926,0.0
2024-09-16,226.78,2024-10-16,22,221.33,226.78000000000006,-0.02403210159626068,2.220446049250313e-16
2024-09-17,227.87,2024-10-17,22,220.89,227.87000000000003,-0.030631500416904434,2.220446049250313e-16
2024-09-18,227.2,2024-10-18,22,220.7,227.20000000000005,-0.028609154929577496,2.220446049250313e-16
2024-09-19,243.92,2024-10-21,22,218.85,243.91999999999993,-0.10277959986880947,-2.220446049250313e-16
2024-09-20,238.25,2024-10-21,21,218.85,238.25000000000009,-0.08142707240293812,4.440892098500626e-16
2024-09-23,250.0,2024-10-23,22,213.65,249.9999999999999,-0.14539999999999997,-4.440892098500626e-16
2024-09-24,254.27,2024-10-24,22,260.48,254.26999999999998,0.0244228575923231,-1.1102230246251565e-16
2024-09-25,257.02,2024-10-25,22,269.19,257.02,0.04735040074702357,0.0
2024-09-26,254.22,2024-10-28,22,262.51,254.21999999999997,0.0326095507827866,-1.1102230246251565e-16
2024-09-27,260.46,2024-10-28,21,262.51,260.4600000000001,0.00787069031713128,4.440892098500626e-16
2024-09-30,261.63,2024-10-30,22,257.55,261.62999999999994,-0.015594541910331272,-2.220446049250313e-16
2024-10-01,258.02,2024-10-31,22,249.85,258.0199999999999,-0.03166421207658321,-2.220446049250313e-16
2024-10-02,249.02,2024-11-01,22,248.98,249.01999999999992,-0.0001606296682997721,-3.3306690738754696e-16
2024-10-03,240.66,2024-11-04,22,242.84,240.65999999999988,0.00905842267098822,-4.440892098500626e-16
2024-10-04,250.08,2024-11-04,21,242.84,250.08000000000004,-0.028950735764555424,2.220446049250313e-16
2024-10-07,240.83,2024-11-06,22,288.53,240.8300000000001,0.19806502512145485,4.440892098500626e-16
2024-10-08,244.5,2024-11-07,22,296.91,244.50000000000006,0.21435582822085908,2.220446049250313e-16
2024-10-09,241.05,2024-11-08,22,321.22,241.04999999999995,0.33258660029039633,-2.220446049250313e-16
2024-10-10,238.77,2024-11-11,22,350.0,238.77000000000007,0.4658457930225739,2.220446049250313e-16
2024-10-11,217.8,2024-11-11,21,350.0,217.79999999999998,0.6069788797061524,-1.1102230246251565e-16
2024-10-14,219.16,2024-11-13,22,330.24,219.15999999999994,0.5068443146559591,-2.220446049250313e-16
2024-10-15,219.57,2024-11-14,22,311.18,219.5699999999999,0.41722457530628043,-3.3306690738754696e-16
2024-10-16,221.33,2024-11-15,22,320.72,221.33,0.449057967740478,0.0
2024-10-17,220.89,2024-11-18,22,338.74,220.89000000000001,0.5335234732219658,2.220446049250313e-16
2024-10-18,220.7,2024-11-18,21,338.74,220.70000000000002,0.5348436792025375,2.220446049250313e-16
2024-10-21,218.85,2024-11-20,22,342.03,218.8499999999999,0.5628512679917752,-4.440892098500626e-16
2024-10-22,217.97,2024-11-21,22,339.64,217.97000000000003,0.558196082029637,2.220446049250313e-16
2024-10-23,213.65,2024-11-22,22,352.56,213.65,0.6501755207114439,0.0
2024-10-24,260.48,2024-11-25,22,338.59,260.4799999999999,0.29986947174447165,-4.440892098500626e-16
2024-10-25,269.19,2024-11-25,21,338.59,269.1900000000001,0.2578104684423641,4.440892098500626e-16
2024-10-28,262.51,2024-11-27,22,332.89,262.51,0.2681040722258199,0.0
2024-10-29,259.52,2024-11-29,22,345.16,259.52000000000004,0.3299938347718867,2.220446049250313e-16
2024-10-30,257.55,2024-11-29,21,345.16,257.55000000000007,0.3401669578722579,2.220446049250313e-16
2024-10-31,249.85,2024-12-02,21,357.09,249.8499999999999,0.429217530518311,-3.3306690738754696e-16
2024-11-01,248.98,2024-12-02,20,357.09,248.98000000000002,0.43421158325969955,2.220446049250313e-16
2024-11-04,242.84,2024-12-04,21,357.93,242.8400000000001,0.4739334541261737,4.440892098500626e-16
2024-11-05,251.44,2024-12-05,21,369.49,251.44000000000005,0.4694957047406936,2.220446049250313e-16
2024-11-06,288.53,2024-12-06,21,389.22,288.5300000000001,0.34897584306657903,4.440892098500626e-16
2024-11-07,296.91,2024-12-09,21,389.79,296.9099999999999,0.312822067293119,-3.3306690738754696e-16
2024-11-08,321.22,2024-12-09,20,389.79,321.2199999999999,0.21346740551646848,-3.3306690738754696e-16
2024-11-11,350.0,2024-12-11,21,424.77,349.9999999999999,0.21362857142857128,-3.3306690738754696e-16
2024-11-12,328.49,2024-12-12,21,418.1,328.4899999999999,0.2727936923498433,-3.3306690738754696e-16
2024-11-13,330.24,2024-12-13,21,436.23,330.24,0.3209484011627908,0.0
2024-11-14,311.18,2024-12-16,21,463.02,311.1800000000001,0.48794909698566746,4.440892098500626e-16
2024-11-15,320.72,2024-12-16,20,463.02,320.7199999999999,0.44368919930157125,-3.3306690738754696e-16
2024-11-18,338.74,2024-12-18,21,440.13,338.74000000000007,0.299315108933105,2.220446049250313e-16
2024-11-19,346.0,2024-12-19,21,436.17,346.00000000000017,0.26060693641618493,4.440892098500626e-16
2024-11-20,342.03,2024-12-20,21,421.06,342.0300000000001,0.23106160278338161,2.220446049250313e-16
2024-11-21,339.64,2024-12-23,21,430.6,339.64,0.2678129784477683,0.0
2024-11-22,352.56,2024-12-23,20,430.6,352.5600000000003,0.2213523939187656,8.881784197001252e-16
2024-11-25,338.59,2024-12-26,21,454.13,338.5900000000001,0.34123866623349786,4.440892098500626e-16
2024-11-26,338.23,2024-12-26,20,454.13,338.22999999999996,0.34266623303669097,-2.220446049250313e-16
2024-11-27,332.89,2024-12-27,20,431.66,332.89,0.29670461714079743,0.0
2024-11-29,345.16,2024-12-30,20,417.41,345.1599999999999,0.20932321242322405,-3.3306690738754696e-16
2024-12-02,357.09,2025-01-02,21,379.28,357.09,0.062141196897140816,0.0
2024-12-03,351.42,2025-01-02,20,379.28,351.4199999999999,0.07927835638267577,-3.3306690738754696e-16
2024-12-04,357.93,2025-01-03,20,410.44,357.9300000000001,0.14670466292291784,2.220446049250313e-16
2024-12-05,369.49,2025-01-06,20,411.05,369.4900000000002,0.11247936344691323,4.440892098500626e-16
2024-12-06,389.22,2025-01-06,19,411.05,389.21999999999986,0.05608653203843583,-4.440892098500626e-16
2024-12-09,389.79,2025-01-08,20,394.94,389.79000000000013,0.013212242489545556,2.220446049250313e-16
2024-12-10,400.99,2025-01-10,20,394.74,400.99,-0.01558642360158602,0.0
2024-12-11,424.77,2025-01-10,19,394.74,424.7699999999999,-0.07069708312733947,-1.1102230246251565e-16
2024-12-12,418.1,2025-01-13,19,403.31,418.10000000000014,-0.035374312365462846,2.220446049250313e-16
2024-12-13,436.23,2025-01-13,18,403.31,436.2300000000001,-0.07546477775485416,2.220446049250313e-16
2024-12-16,463.02,2025-01-15,19,428.22,463.01999999999987,-0.07515874044317727,-2.220446049250313e-16
2024-12-17,479.86,2025-01-16,19,413.82,479.8599999999999,-0.137623473513108,-2.220446049250313e-16
2024-12-18,440.13,2025-01-17,19,426.5,440.1299999999999,-0.0309681230545521,-2.220446049250313e-16
2024-12-19,436.17,2025-01-21,19,424.07,436.1699999999999,-0.02774147694706197,-2.220446049250313e-16
2024-12-20,421.06,2025-01-21,18,424.07,421.05999999999995,0.007148624899064204,-1.1102230246251565e-16
2024-12-23,430.6,2025-01-22,18,415.11,430.60000000000014,-0.03597306084533214,2.220446049250313e-16
2024-12-24,462.28,2025-01-23,18,412.38,462.28000000000014,-0.10794323786449767,4.440892098500626e-16
2024-12-26,454.13,2025-01-27,19,397.15,454.12999999999994,-0.12547068020170438,-1.1102230246251565e-16
2024-12-27,431.66,2025-01-27,18,397.15,431.65999999999997,-0.07994718065143869,-1.1102230246251565e-16
2024-12-30,417.41,2025-01-29,19,389.1,417.41,-0.06782300376128991,0.0
2024-12-31,403.84,2025-01-30,19,400.28,403.83999999999986,-0.008815372424722634,-3.3306690738754696e-16
2025-01-02,379.28,2025-02-03,20,383.68,379.2800000000002,0.011600928074245953,6.661338147750939e-16
2025-01-03,410.44,2025-02-03,19,383.68,410.4399999999999,-0.0651983237501218,-2.220446049250313e-16
2025-01-06,411.05,2025-02-05,20,378.17,411.04999999999995,-0.07999026882374405,-1.1102230246251565e-16
2025-01-07,394.36,2025-02-06,20,374.32,394.3600000000002,-0.05081651283091593,4.440892098500626e-16
2025-01-08,394.94,2025-02-07,20,361.62,394.94000000000017,-0.08436724565756826,4.440892098500626e-16
2025-01-10,394.74,2025-02-10,20,350.73,394.74000000000007,-0.11149110807113538,2.220446049250313e-16
2025-01-13,403.31,2025-02-12,21,336.51,403.31000000000006,-0.1656294165778186,2.220446049250313e-16
2025-01-14,396.36,2025-02-13,21,355.94,396.36000000000007,-0.10197799979816335,2.220446049250313e-16
2025-01-15,428.22,2025-02-14,21,355.84,428.2200000000001,-0.16902526738592327,2.220446049250313e-16
2025-01-16,413.82,2025-02-18,21,354.11,413.82000000000016,-0.14428978783045765,4.440892098500626e-16
2025-01-17,426.5,2025-02-18,20,354.11,426.50000000000006,-0.16973036342321213,2.220446049250313e-16
2025-01-21,424.07,2025-02-20,21,354.4,424.0700000000001,-0.16428891456599148,2.220446049250313e-16
2025-01-22,415.11,2025-02-21,21,337.8,415.1100000000001,-0.18623979186239792,2.220446049250313e-16
2025-01-23,412.38,2025-02-24,21,330.4,412.38,-0.1987972258596441,0.0
2025-01-24,406.58,2025-02-24,20,330.4,406.5800000000001,-0.18736779969501705,2.220446049250313e-16
2025-01-27,397.15,2025-02-26,21,290.8,397.1499999999998,-0.26778295354400095,-4.440892098500626e-16
2025-01-28,398.09,2025-02-27,21,281.95,398.0899999999999,-0.29174307317440773,-1.1102230246251565e-16
2025-01-29,389.1,2025-02-28,21,292.98,389.1000000000001,-0.24703161141094832,2.220446049250313e-16
2025-01-30,400.28,2025-03-03,21,284.65,400.27999999999986,-0.28887278904766667,-3.3306690738754696e-16
2025-01-31,404.6,2025-03-03,20,284.65,404.6000000000001,-0.29646564508156215,2.220446049250313e-16
2025-02-03,383.68,2025-03-05,21,279.1,383.67999999999995,-0.27257089241034194,-1.1102230246251565e-16
2025-02-04,392.21,2025-03-06,21,263.45,392.2099999999999,-0.3282935162285511,-1.1102230246251565e-16
2025-02-05,378.17,2025-03-07,21,262.67,378.1700000000001,-0.3054181981648465,2.220446049250313e-16
2025-02-06,374.32,2025-03-10,21,222.15,374.3199999999998,-0.40652382987817903,-4.440892098500626e-16
2025-02-07,361.62,2025-03-10,20,222.15,361.61999999999995,-0.3856811017089763,-1.1102230246251565e-16
2025-02-10,350.73,2025-03-12,21,248.09,350.7299999999999,-0.2926467653180509,-3.3306690738754696e-16
2025-02-11,328.5,2025-03-13,21,240.68,328.5000000000001,-0.2673363774733638,4.440892098500626e-16
2025-02-12,336.51,2025-03-14,21,249.98,336.5100000000001,-0.2571394609372678,4.440892098500626e-16
2025-02-13,355.94,2025-03-17,21,238.01,355.9400000000003,-0.3313198853739394,8.881784197001252e-16
2025-02-14,355.84,2025-03-17,20,238.01,355.84,-0.33113196942446044,0.0
2025-02-18,354.11,2025-03-20,22,236.26,354.11,-0.3328061901668974,0.0
2025-02-19,360.56,2025-03-21,22,248.71,360.56000000000006,-0.3102118926114932,2.220446049250313e-16
2025-02-20,354.4,2025-03-24,22,278.39,354.40000000000003,-0.2144751693002257,2.220446049250313e-16
2025-02-21,337.8,2025-03-24,21,278.39,337.8000000000001,-0.17587329780935468,4.440892098500626e-16
2025-02-24,330.4,2025-03-26,22,272.06,330.39999999999986,-0.17657384987893454,-3.3306690738754696e-16
2025-02-25,302.8,2025-03-27,22,273.13,302.7999999999999,-0.09798546895640692,-3.3306690738754696e-16
2025-02-26,290.8,2025-03-28,22,263.55,290.79999999999995,-0.09370701513067403,-2.220446049250313e-16
2025-02-27,281.95,2025-03-31,22,259.16,281.94999999999993,-0.08082993438552921,-2.220446049250313e-16
2025-02-28,292.98,2025-03-31,21,259.16,292.98,-0.11543450064850835,0.0
2025-03-03,284.65,2025-04-02,22,282.76,284.65000000000003,-0.006639733005445181,2.220446049250313e-16
2025-03-04,272.04,2025-04-03,22,267.28,272.04,-0.017497426848992914,0.0
2025-03-05,279.1,2025-04-04,22,239.43,279.09999999999997,-0.14213543532783957,-2.220446049250313e-16
2025-03-06,263.45,2025-04-07,22,233.29,263.4500000000001,-0.11448092617194916,4.440892098500626e-16
2025-03-07,262.67,2025-04-07,21,233.29,262.6699999999999,-0.11185137244451226,-4.440892098500626e-16
2025-03-10,222.15,2025-04-09,22,272.2,222.15000000000006,0.22529822192212468,2.220446049250313e-16
2025-03-11,230.58,2025-04-10,22,252.4,230.58000000000018,0.09463093069650452,6.661338147750939e-16
2025-03-12,248.09,2025-04-11,22,252.31,248.08999999999995,0.017009956064331533,-2.220446049250313e-16
2025-03-13,240.68,2025-04-14,22,252.35,240.67999999999995,0.04848761841449223,-2.220446049250313e-16
2025-03-14,249.98,2025-04-14,21,252.35,249.97999999999996,0.009480758460676864,-1.1102230246251565e-16
2025-03-17,238.01,2025-04-16,22,241.55,238.01000000000005,0.01487332465022484,2.220446049250313e-16
2025-03-18,225.31,2025-04-17,22,241.37,225.30999999999995,0.07127957036971289,-2.220446049250313e-16
2025-03-19,235.86,2025-04-21,22,227.5,235.86,-0.03544475536335123,0.0
2025-03-20,236.26,2025-04-21,21,227.5,236.2600000000001,-0.03707779564886138,4.440892098500626e-16
2025-03-21,248.71,2025-04-21,20,227.5,248.70999999999992,-0.08528004503236708,-3.3306690738754696e-16
2025-03-24,278.39,2025-04-23,21,250.74,278.39,-0.09932109630374641,0.0
2025-03-25,288.14,2025-04-24,21,259.51,288.13999999999993,-0.09936142153120009,-2.220446049250313e-16
2025-03-26,272.06,2025-04-25,21,284.95,272.05999999999995,0.047379254576196406,-2.220446049250313e-16
2025-03-27,273.13,2025-04-28,21,285.88,273.13000000000005,0.0466810676234759,2.220446049250313e-16
2025-03-28,263.55,2025-04-28,20,285.88,263.54999999999995,0.08472775564409019,-2.220446049250313e-16
2025-03-31,259.16,2025-04-30,21,282.16,259.1599999999999,0.08874826362092914,-4.440892098500626e-16
2025-04-01,268.46,2025-05-01,21,280.52,268.45999999999987,0.04492289354093715,-4.440892098500626e-16
2025-04-02,282.76,2025-05-02,21,287.21,282.76000000000005,0.015737728108643267,2.220446049250313e-16
2025-04-03,267.28,2025-05-05,21,280.26,267.2799999999999,0.048563304399880325,-2.220446049250313e-16
2025-04-04,239.43,2025-05-05,20,280.26,239.42999999999998,0.17053000877083058,-1.1102230246251565e-16
2025-04-07,233.29,2025-05-07,21,276.22,233.2899999999999,0.18401988940803315,-3.3306690738754696e-16
2025-04-08,221.86,2025-05-08,21,284.82,221.85999999999993,0.2837825655818984,-3.3306690738754696e-16
2025-04-09,272.2,2025-05-09,21,298.26,272.19999999999993,0.095738427626745,-2.220446049250313e-16
2025-04-10,252.4,2025-05-12,21,318.38,252.40000000000012,0.2614104595879556,4.440892098500626e-16
2025-04-11,252.31,2025-05-12,20,318.38,252.31000000000006,0.2618604098133248,2.220446049250313e-16
2025-04-14,252.35,2025-05-14,21,347.68,252.35000000000025,0.3777689716663366,1.1102230246251565e-15
2025-04-15,254.11,2025-05-15,21,342.82,254.10999999999996,0.34910078312541803,-2.220446049250313e-16
2025-04-16,241.55,2025-05-16,21,349.98,241.55000000000018,0.4488925688263299,6.661338147750939e-16
2025-04-17,241.37,2025-05-19,21,342.09,241.36999999999998,0.41728466669428665,-1.1102230246251565e-16
2025-04-21,227.5,2025-05-21,22,334.62,227.49999999999994,0.47085714285714286,-2.220446049250313e-16
2025-04-22,237.97,2025-05-22,22,341.04,237.97000000000008,0.43312182207841343,4.440892098500626e-16
2025-04-23,250.74,2025-05-23,22,339.34,250.74000000000007,0.3533540719470367,2.220446049250313e-16
2025-04-24,259.51,2025-05-27,22,362.89,259.5099999999999,0.3983661515933876,-4.440892098500626e-16
2025-04-25,284.95,2025-05-27,21,362.89,284.9499999999999,0.2735216704685033,-4.440892098500626e-16
2025-04-28,285.88,2025-05-28,21,356.9,285.8799999999999,0.24842591297047711,-4.440892098500626e-16
2025-04-29,292.03,2025-05-29,21,358.43,292.02999999999986,0.22737389994178692,-4.440892098500626e-16
2025-04-30,282.16,2025-05-30,21,346.46,282.16000000000014,0.2278848880068045,4.440892098500626e-16
2025-05-01,280.52,2025-06-02,21,342.69,280.5199999999999,0.22162412662198783,-2.220446049250313e-16
2025-05-02,287.21,2025-06-02,20,342.69,287.21000000000004,0.1931687615333728,2.220446049250313e-16
2025-05-05,280.26,2025-06-04,21,332.05,280.2600000000001,0.18479269249982178,4.440892098500626e-16
2025-05-06,275.35,2025-06-05,21,284.7,275.35,0.03395678227710164,0.0
2025-05-07,276.22,2025-06-06,21,295.14,276.21999999999997,0.06849612627615653,-2.220446049250313e-16
2025-05-08,284.82,2025-06-09,21,308.58,284.82,0.08342110806825365,0.0
2025-05-09,298.26,2025-06-09,20,308.58,298.26,0.03460068396700855,0.0
2025-05-12,318.38,2025-06-11,21,326.43,318.38,0.02528425152333691,0.0
2025-05-13,334.07,2025-06-12,21,319.11,334.0699999999999,-0.04478103391504773,-3.3306690738754696e-16
2025-05-14,347.68,2025-06-13,21,325.31,347.6799999999999,-0.06434077312471242,-3.3306690738754696e-16
2025-05-15,342.82,2025-06-16,21,329.13,342.8200000000001,-0.03993349279505276,2.220446049250313e-16
2025-05-16,349.98,2025-06-16,20,329.13,349.98000000000013,-0.05957483284759135,2.220446049250313e-16
2025-05-19,342.09,2025-06-18,21,322.05,342.09000000000003,-0.05858107515566069,2.220446049250313e-16
2025-05-20,343.82,2025-06-20,21,322.16,343.82000000000005,-0.06299808039090216,2.220446049250313e-16
2025-05-21,334.62,2025-06-20,20,322.16,334.6200000000001,-0.03723626800549873,4.440892098500626e-16
2025-05-22,341.04,2025-06-23,20,348.68,341.04,0.0224020642739855,0.0
2025-05-23,339.34,2025-06-23,19,348.68,339.34,0.02752401720987807,0.0
2025-05-27,362.89,2025-06-26,21,325.78,362.89000000000004,-0.10226239356278766,2.220446049250313e-16
2025-05-28,356.9,2025-06-27,21,323.63,356.89999999999986,-0.09321938918464556,-3.3306690738754696e-16
2025-05-29,358.43,2025-06-30,21,317.66,358.43,-0.1137460592026337,0.0
2025-05-30,346.46,2025-06-30,20,317.66,346.46,-0.08312647924724337,0.0
2025-06-02,342.69,2025-07-02,21,315.65,342.68999999999994,-0.07890513291896473,-1.1102230246251565e-16
2025-06-03,344.27,2025-07-03,21,315.35,344.2699999999999,-0.0840038341999011,-1.1102230246251565e-16
2025-06-04,332.05,2025-07-07,21,293.94,332.0499999999999,-0.1147718717060684,-3.3306690738754696e-16
2025-06-05,284.7,2025-07-07,20,293.94,284.70000000000033,0.032455216016859856,1.1102230246251565e-15
2025-06-06,295.14,2025-07-07,19,293.94,295.14000000000004,-0.004065867046147531,2.220446049250313e-16
2025-06-09,308.58,2025-07-09,20,295.88,308.58000000000004,-0.0411562641778469,2.220446049250313e-16
2025-06-10,326.09,2025-07-10,20,309.87,326.08999999999986,-0.049740869085221795,-3.3306690738754696e-16
2025-06-11,326.43,2025-07-11,20,313.51,326.4300000000001,-0.039579695493674016,4.440892098500626e-16
2025-06-12,319.11,2025-07-14,20,316.9,319.10999999999996,-0.006925511579079391,-2.220446049250313e-16
2025-06-13,325.31,2025-07-14,19,316.9,325.30999999999995,-0.025852263994343927,-2.220446049250313e-16
2025-06-16,329.13,2025-07-16,20,321.67,329.13000000000005,-0.02266581593899064,2.220446049250313e-16
2025-06-17,316.35,2025-07-17,20,319.41,316.35000000000014,0.009672830725462322,4.440892098500626e-16
2025-06-18,322.05,2025-07-18,20,329.65,322.05,0.02359882005899694,0.0
2025-06-20,322.16,2025-07-21,20,328.49,322.16,0.01964862180283089,0.0
2025-06-23,348.68,2025-07-23,21,332.56,348.6799999999999,-0.046231501663416275,-3.3306690738754696e-16
2025-06-24,340.47,2025-07-24,21,305.3,340.47,-0.10329838164889715,0.0
2025-06-25,327.55,2025-07-25,21,316.06,327.5499999999999,-0.03507861395206846,-3.3306690738754696e-16
2025-06-26,325.78,2025-07-28,21,325.59,325.7800000000001,-0.0005832156670145805,4.440892098500626e-16
2025-06-27,323.63,2025-07-28,20,325.59,323.62999999999994,0.006056298859808962,-2.220446049250313e-16
2025-06-30,317.66,2025-07-30,21,319.04,317.6600000000001,0.004344267455770323,2.220446049250313e-16
2025-07-01,300.71,2025-07-31,21,308.27,300.7099999999999,0.02514050081473851,-2.220446049250313e-16
2025-07-02,315.65,2025-08-01,21,302.63,315.64999999999986,-0.04124821796293354,-3.3306690738754696e-16
2025-07-03,315.35,2025-08-04,21,309.26,315.35000000000014,-0.019311875693673763,4.440892098500626e-16
2025-07-07,293.94,2025-08-06,22,319.91,293.9400000000001,0.08835136422399148,4.440892098500626e-16
2025-07-08,297.81,2025-08-07,22,322.27,297.81,0.08213290352909564,0.0
2025-07-09,295.88,2025-08-08,22,329.65,295.88000000000005,0.11413410842233329,2.220446049250313e-16
2025-07-10,309.87,2025-08-11,22,339.03,309.87,0.0941039790880045,0.0
2025-07-11,313.51,2025-08-11,21,339.03,313.5099999999999,0.08140091225160284,-3.3306690738754696e-16
2025-07-14,316.9,2025-08-13,22,339.38,316.89999999999986,0.07093720416535199,-3.3306690738754696e-16
2025-07-15,310.78,2025-08-14,22,335.58,310.7799999999999,0.07979921487869235,-2.220446049250313e-16
2025-07-16,321.67,2025-08-15,22,330.56,321.67000000000013,0.027637019305499333,4.440892098500626e-16
2025-07-17,319.41,2025-08-18,22,335.16,319.4099999999999,0.04930966469428011,-3.3306690738754696e-16
2025-07-18,329.65,2025-08-18,21,335.16,329.64999999999986,0.01671469740634013,-3.3306690738754696e-16
2025-07-21,328.49,2025-08-20,22,323.9,328.4899999999999,-0.013973028098267948,-3.3306690738754696e-16
2025-07-22,332.11,2025-08-21,22,320.11,332.10999999999996,-0.036132606666465894,-2.220446049250313e-16
2025-07-23,332.56,2025-08-22,22,340.01,332.55999999999995,0.022401972576377105,-2.220446049250313e-16
2025-07-24,305.3,2025-08-25,22,346.6,305.30000000000007,0.13527677694071416,2.220446049250313e-16
2025-07-25,316.06,2025-08-25,21,346.6,316.05999999999995,0.09662722267923818,-2.220446049250313e-16
2025-07-28,325.59,2025-08-27,22,349.6,325.58999999999986,0.07374305107650736,-3.3306690738754696e-16
2025-07-29,321.2,2025-08-28,22,345.98,321.2000000000003,0.077148194271482,8.881784197001252e-16
2025-07-30,319.04,2025-08-29,22,333.87,319.03999999999996,0.04648319959879643,-2.220446049250313e-16
2025-07-31,308.27,2025-09-02,22,329.36,308.27,0.06841405261621314,0.0
2025-08-01,302.63,2025-09-02,21,329.36,302.6300000000001,0.08832567822092985,4.440892098500626e-16
2025-08-04,309.26,2025-09-03,21,334.09,309.2600000000001,0.08028843044687317,4.440892098500626e-16
2025-08-05,308.72,2025-09-04,21,338.53,308.7200000000003,0.09655998963462009,8.881784197001252e-16
2025-08-06,319.91,2025-09-05,21,350.84,319.9100000000001,0.09668344221812375,2.220446049250313e-16
2025-08-07,322.27,2025-09-08,21,346.4,322.27,0.0748751047258509,0.0
2025-08-08,329.65,2025-09-08,20,346.4,329.64999999999986,0.05081146670711356,-3.3306690738754696e-16
2025-08-11,339.03,2025-09-10,21,347.79,339.03,0.02583842137863912,0.0
2025-08-12,340.84,2025-09-11,21,368.81,340.84,0.08206196455815062,0.0
2025-08-13,339.38,2025-09-12,21,395.94,339.38,0.16665684483469856,0.0
2025-08-14,335.58,2025-09-15,21,410.04,335.58000000000004,0.22188449848024328,2.220446049250313e-16
2025-08-15,330.56,2025-09-15,20,410.04,330.56,0.24044046466602143,0.0
2025-08-18,335.16,2025-09-17,21,425.86,335.16000000000014,0.27061701873731936,4.440892098500626e-16
2025-08-19,329.31,2025-09-18,21,416.85,329.31,0.26582855060581223,0.0
2025-08-20,323.9,2025-09-19,21,426.07,323.90000000000026,0.3154368632293918,8.881784197001252e-16
2025-08-21,320.11,2025-09-22,21,434.21,320.1099999999999,0.35643997375902026,-3.3306690738754696e-16
2025-08-22,340.01,2025-09-22,20,434.21,340.0100000000001,0.27705067498014757,4.440892098500626e-16
2025-08-25,346.6,2025-09-24,21,442.79,346.5999999999999,0.27752452394691285,-3.3306690738754696e-16
2025-08-26,351.67,2025-09-25,21,423.39,351.67000000000013,0.2039411948701908,2.220446049250313e-16
2025-08-27,349.6,2025-09-26,21,440.4,349.59999999999997,0.2597254004576657,-1.1102230246251565e-16
2025-08-28,345.98,2025-09-29,21,443.21,345.98,0.2810278050754378,0.0
2025-08-29,333.87,2025-09-29,20,443.21,333.8699999999999,0.32749273669392265,-3.3306690738754696e-16
2025-09-02,329.36,2025-10-02,22,436.0,329.3599999999999,0.32377945105659456,-3.3306690738754696e-16
2025-09-03,334.09,2025-10-03,22,429.83,334.09,0.28656948726391107,0.0
2025-09-04,338.53,2025-10-06,22,453.25,338.5300000000001,0.3388769089888637,4.440892098500626e-16
2025-09-05,350.84,2025-10-06,21,453.25,350.84,0.2918994413407823,0.0
2025-09-08,346.4,2025-10-08,22,438.69,346.4,0.2664260969976906,0.0
2025-09-09,346.97,2025-10-09,22,435.54,346.9699999999999,0.2552670259676628,-3.3306690738754696e-16
2025-09-10,347.79,2025-10-10,22,413.49,347.7899999999999,0.1889070991115327,-3.3306690738754696e-16
2025-09-11,368.81,2025-10-13,22,435.9,368.81,0.1819093842357853,0.0
2025-09-12,395.94,2025-10-13,21,435.9,395.94000000000017,0.10092438248219415,4.440892098500626e-16
2025-09-15,410.04,2025-10-15,22,435.15,410.04,0.061237928007023656,0.0
2025-09-16,421.62,2025-10-16,22,428.75,421.61999999999995,0.016910962478060787,-1.1102230246251565e-16
2025-09-17,425.86,2025-10-17,22,439.31,425.86,0.03158314939181883,0.0
2025-09-18,416.85,2025-10-20,22,447.43,416.8500000000002,0.07335972172244198,4.440892098500626e-16
2025-09-19,426.07,2025-10-20,21,447.43,426.07000000000016,0.05013260731804636,4.440892098500626e-16
2025-09-22,434.21,2025-10-22,22,438.97,434.21000000000004,0.01096243753022752,2.220446049250313e-16
2025-09-23,425.85,2025-10-23,22,448.98,425.8500000000002,0.05431489961253955,4.440892098500626e-16
2025-09-24,442.79,2025-10-24,22,433.72,442.79,-0.020483750762212316,0.0
2025-09-25,423.39,2025-10-27,22,452.42,423.39,0.06856562507380914,0.0
2025-09-26,440.4,2025-10-27,21,452.42,440.3999999999999,0.027293369663941913,-1.1102230246251565e-16
2025-09-29,443.21,2025-10-29,22,461.51,443.2099999999998,0.04128968209201056,-3.3306690738754696e-16
2025-09-30,444.72,2025-10-30,22,440.1,444.71999999999997,-0.010388559093362115,-1.1102230246251565e-16
2025-10-01,459.46,2025-10-31,22,456.56,459.46,-0.006311757280285546,0.0
2025-10-02,436.0,2025-11-03,22,468.37,435.99999999999994,0.07424311926605509,-1.1102230246251565e-16
2025-10-03,429.83,2025-11-03,21,468.37,429.83000000000015,0.08966335527999436,4.440892098500626e-16
2025-10-06,453.25,2025-11-05,22,462.07,453.24999999999983,0.019459459459459483,-3.3306690738754696e-16
2025-10-07,433.09,2025-11-06,22,445.91,433.08999999999986,0.029601237618047227,-2.220446049250313e-16
2025-10-08,438.69,2025-11-07,22,429.52,438.69,-0.020903143449816586,0.0
2025-10-09,435.54,2025-11-10,22,445.23,435.54000000000013,0.022248243559718883,2.220446049250313e-16
2025-10-10,413.49,2025-11-10,21,445.23,413.49,0.07676122759921644,0.0
2025-10-13,435.9,2025-11-12,22,430.6,435.89999999999986,-0.012158752007341067,-2.220446049250313e-16
2025-10-14,429.24,2025-11-13,22,401.99,429.24000000000007,-0.06348429782872056,2.220446049250313e-16
2025-10-15,435.15,2025-11-14,22,404.35,435.1500000000001,-0.07078019073882558,2.220446049250313e-16
2025-10-16,428.75,2025-11-17,22,408.92,428.75000000000017,-0.04625072886297377,4.440892098500626e-16
2025-10-17,439.31,2025-11-17,21,408.92,439.31000000000023,-0.06917666340397444,4.440892098500626e-16
2025-10-20,447.43,2025-11-19,22,403.99,447.4300000000003,-0.09708781261873367,6.661338147750939e-16
2025-10-21,442.6,2025-11-20,22,395.23,442.6,-0.10702666064166289,0.0
2025-10-22,438.97,2025-11-21,22,391.09,438.96999999999997,-0.10907351299633239,-1.1102230246251565e-16
2025-10-23,448.98,2025-11-24,22,417.78,448.98,-0.06949084591741295,0.0
2025-10-24,433.72,2025-11-24,21,417.78,433.7199999999999,-0.03675182145162792,-2.220446049250313e-16
2025-10-27,452.42,2025-11-26,22,426.58,452.4200000000001,-0.057115070067636386,2.220446049250313e-16
2025-10-28,460.55,2025-11-28,22,430.17,460.5499999999999,-0.06596460753446964,-2.220446049250313e-16
2025-10-29,461.51,2025-11-28,21,430.17,461.5099999999998,-0.06790752096379271,-3.3306690738754696e-16
2025-10-30,440.1,2025-12-01,21,430.14,440.0999999999999,-0.022631220177232514,-2.220446049250313e-16
2025-10-31,456.56,2025-12-01,20,430.14,456.5600000000002,-0.057867531102155256,4.440892098500626e-16
2025-11-03,468.37,2025-12-03,21,446.74,468.37,-0.0461814377522044,0.0
2025-11-04,444.26,2025-12-04,21,454.53,444.26,0.023117093593841398,0.0
2025-11-05,462.07,2025-12-05,21,455.0,462.07,-0.015300712013331275,0.0
2025-11-06,445.91,2025-12-08,21,439.58,445.9100000000005,-0.014195689713170867,1.1102230246251565e-15
2025-11-07,429.52,2025-12-08,20,439.58,429.5199999999999,0.023421493760476864,-1.1102230246251565e-16
2025-11-10,445.23,2025-12-10,21,451.45,445.22999999999985,0.013970307481526278,-3.3306690738754696e-16
2025-11-11,439.62,2025-12-11,21,446.89,439.61999999999983,0.01653700923524859,-3.3306690738754696e-16
2025-11-12,430.6,2025-12-12,21,458.96,430.60000000000014,0.06586158848118884,2.220446049250313e-16
2025-11-13,401.99,2025-12-15,21,475.31,401.98999999999984,0.18239259683076692,-4.440892098500626e-16
2025-11-14,404.35,2025-12-15,20,475.31,404.3500000000005,0.17549152961543202,1.1102230246251565e-15
2025-11-17,408.92,2025-12-17,21,467.26,408.9199999999999,0.1426684926146924,-3.3306690738754696e-16
2025-11-18,401.25,2025-12-18,21,483.37,401.24999999999994,0.20466043613707163,-1.1102230246251565e-16
2025-11-19,403.99,2025-12-19,21,481.2,403.9900000000002,0.19111859204435744,4.440892098500626e-16
2025-11-20,395.23,2025-12-22,21,488.73,395.22999999999996,0.23657111049262447,-1.1102230246251565e-16
2025-11-21,391.09,2025-12-22,20,488.73,391.09000000000003,0.24966120330358743,2.220446049250313e-16
2025-11-24,417.78,2025-12-24,21,485.4,417.77999999999986,0.16185552204509546,-2.220446049250313e-16
2025-11-25,419.4,2025-12-26,21,475.19,419.40000000000003,0.13302336671435389,2.220446049250313e-16
2025-11-26,426.58,2025-12-26,20,475.19,426.58,0.11395283416944069,0.0
2025-11-28,430.17,2025-12-29,20,459.64,430.1699999999999,0.0685077992421601,-2.220446049250313e-16
2025-12-01,430.14,2025-12-31,21,449.72,430.14000000000004,0.04552006323522573,2.220446049250313e-16
2025-12-02,429.24,2026-01-02,21,438.07,429.24000000000007,0.02057124219550821,2.220446049250313e-16
2025-12-03,446.74,2026-01-02,20,438.07,446.7400000000001,-0.019407261494381545,2.220446049250313e-16
2025-12-04,454.53,2026-01-05,20,451.67,454.5300000000001,-0.006292213935273683,2.220446049250313e-16
2025-12-05,455.0,2026-01-05,19,451.67,454.99999999999994,-0.007318681318681297,-1.1102230246251565e-16
2025-12-08,439.58,2026-01-07,20,431.41,439.5799999999998,-0.018585922926429688,-3.3306690738754696e-16
2025-12-09,445.17,2026-01-08,20,435.8,445.1699999999999,-0.021048138913224212,-2.220446049250313e-16
2025-12-10,451.45,2026-01-09,20,445.01,451.45,-0.014265145641820798,0.0
2025-12-11,446.89,2026-01-12,20,448.96,446.8899999999999,0.0046320123520329215,-2.220446049250313e-16
2025-12-12,458.96,2026-01-12,19,448.96,458.9599999999998,-0.021788391145197816,-3.3306690738754696e-16
2025-12-15,475.31,2026-01-14,20,439.2,475.3100000000002,-0.07597147125034187,4.440892098500626e-16
2025-12-16,489.88,2026-01-15,20,438.57,489.88000000000005,-0.10473993631093326,2.220446049250313e-16
2025-12-17,467.26,2026-01-16,20,437.5,467.26000000000056,-0.06369045071266533,1.1102230246251565e-15
2025-12-18,483.37,2026-01-20,20,419.25,483.37000000000035,-0.13265200570991165,6.661338147750939e-16
2025-12-19,481.2,2026-01-20,19,419.25,481.2000000000002,-0.1287406483790523,4.440892098500626e-16
2025-12-22,488.73,2026-01-21,19,431.44,488.73000000000013,-0.11722218812023,2.220446049250313e-16
2025-12-23,485.56,2026-01-22,19,449.36,485.5599999999999,-0.07455309333553006,-2.220446049250313e-16
2025-12-24,485.4,2026-01-23,19,449.06,485.3999999999999,-0.0748660898228265,-1.1102230246251565e-16
2025-12-26,475.19,2026-01-26,19,435.2,475.1899999999998,-0.08415581135966665,-3.3306690738754696e-16
2025-12-29,459.64,2026-01-28,20,431.46,459.6399999999998,-0.061308850404664494,-3.3306690738754696e-16
2025-12-30,454.43,2026-01-29,20,416.56,454.43000000000006,-0.0833351671324517,2.220446049250313e-16
2025-12-31,449.72,2026-01-30,20,430.41,449.72000000000014,-0.042937827981855414,2.220446049250313e-16
2026-01-02,438.07,2026-02-02,20,421.81,438.06999999999994,-0.03711735567375074,-1.1102230246251565e-16
2026-01-05,451.67,2026-02-04,21,406.01,451.6700000000002,-0.10109150485974283,4.440892098500626e-16
2026-01-06,432.96,2026-02-05,21,397.21,432.95999999999987,-0.08257113821138207,-2.220446049250313e-16
2026-01-07,431.41,2026-02-06,21,411.11,431.4099999999999,-0.04705500567905241,-2.220446049250313e-16
2026-01-08,435.8,2026-02-09,21,417.32,435.80000000000007,-0.04240477283157418,2.220446049250313e-16
2026-01-09,445.01,2026-02-09,20,417.32,445.00999999999993,-0.06222332082425108,-1.1102230246251565e-16
2026-01-12,448.96,2026-02-11,21,428.27,448.96000000000004,-0.04608428367783324,2.220446049250313e-16
2026-01-13,447.2,2026-02-12,21,417.07,447.2,-0.06737477638640432,0.0
2026-01-14,439.2,2026-02-13,21,417.44,439.19999999999993,-0.04954462659380687,-1.1102230246251565e-16
2026-01-15,438.57,2026-02-17,21,410.63,438.57000000000016,-0.06370704790569348,4.440892098500626e-16
2026-01-16,437.5,2026-02-17,20,410.63,437.49999999999983,-0.06141714285714284,-4.440892098500626e-16
2026-01-20,419.25,2026-02-19,21,411.71,419.25000000000006,-0.01798449612403108,2.220446049250313e-16
2026-01-21,431.44,2026-02-20,21,411.82,431.4400000000001,-0.04547561653995924,2.220446049250313e-16
2026-01-22,449.36,2026-02-23,21,399.83,449.36000000000007,-0.11022342887662462,2.220446049250313e-16
2026-01-23,449.06,2026-02-23,20,399.83,449.05999999999995,-0.10962900280586119,-1.1102230246251565e-16
2026-01-26,435.2,2026-02-25,21,417.4,435.1999999999999,-0.04090073529411764,-2.220446049250313e-16
2026-01-27,430.9,2026-02-26,21,408.58,430.8999999999998,-0.05179856115107917,-4.440892098500626e-16
2026-01-28,431.46,2026-02-27,21,402.51,431.45999999999987,-0.06709776109025167,-2.220446049250313e-16
2026-01-29,416.56,2026-03-02,21,403.32,416.56000000000034,-0.03178413673900515,8.881784197001252e-16
2026-01-30,430.41,2026-03-02,20,403.32,430.40999999999997,-0.06293998745382312,-1.1102230246251565e-16
2026-02-02,421.81,2026-03-04,21,405.94,421.8099999999999,-0.03762357459519694,-2.220446049250313e-16
2026-02-03,421.96,2026-03-05,21,405.4013,421.9600000000001,-0.0392423452459949,2.220446049250313e-16
2026-02-04,406.01,2026-03-06,21,396.73,406.01000000000016,-0.022856579887194806,4.440892098500626e-16
2026-02-05,397.21,2026-03-09,21,398.6,397.2100000000001,0.0034994083734045667,2.220446049250313e-16
2026-02-06,411.11,2026-03-09,20,398.6,411.1100000000002,-0.03042981197246475,4.440892098500626e-16
2026-02-09,417.32,2026-03-11,21,407.82,417.32000000000016,-0.022764305568867993,4.440892098500626e-16
2026-02-10,425.21,2026-03-12,21,395.01,425.2099999999998,-0.07102372945132995,-4.440892098500626e-16
2026-02-11,428.27,2026-03-13,21,391.2,428.2699999999999,-0.0865575454736498,-1.1102230246251565e-16
2026-02-12,417.07,2026-03-16,21,395.56,417.07,-0.05157407629414723,0.0
2026-02-13,417.44,2026-03-16,20,395.56,417.44000000000005,-0.052414718282867034,2.220446049250313e-16
2026-02-17,410.63,2026-03-19,22,380.3,410.6299999999999,-0.0738621143121545,-2.220446049250313e-16
2026-02-18,411.32,2026-03-20,22,367.96,411.3199999999999,-0.10541670718661877,-2.220446049250313e-16
2026-02-19,411.71,2026-03-23,22,380.85,411.71000000000015,-0.07495567268222769,4.440892098500626e-16
2026-02-20,411.82,2026-03-23,21,380.85,411.8199999999999,-0.07520275848671742,-2.220446049250313e-16
2026-02-23,399.83,2026-03-25,22,385.95,399.8299999999998,-0.03471475377035238,-4.440892098500626e-16
2026-02-24,409.38,2026-03-26,22,372.11,409.3800000000001,-0.09104010943377783,2.220446049250313e-16
2026-02-25,417.4,2026-03-27,22,361.83,417.39999999999986,-0.13313368471490172,-2.220446049250313e-16
2026-02-26,408.58,2026-03-30,22,355.28,408.57999999999987,-0.13045180870331397,-3.3306690738754696e-16
2026-02-27,402.51,2026-03-30,21,355.28,402.51,-0.11733869965963584,0.0
2026-03-02,403.32,2026-04-01,22,381.26,403.3199999999999,-0.054696023009025097,-3.3306690738754696e-16
2026-03-03,392.355,2026-04-02,22,360.59,392.35499999999996,-0.08095984503829445,-1.1102230246251565e-16
2026-03-04,405.94,2026-04-06,22,352.82,405.9399999999998,-0.13085677686357589,-4.440892098500626e-16
2026-03-05,405.4013,2026-04-06,21,352.82,405.4013,-0.1297018534474359,0.0
2026-03-06,396.73,2026-04-06,20,352.82,396.72999999999996,-0.11067980742570516,-1.1102230246251565e-16
2026-03-09,398.6,2026-04-08,21,343.25,398.59999999999997,-0.13886101354741598,-1.1102230246251565e-16
2026-03-10,399.25,2026-04-09,21,345.62,399.24999999999994,-0.1343268628678772,-1.1102230246251565e-16
2026-03-11,407.82,2026-04-10,21,348.95,407.82000000000016,-0.1443529007895641,4.440892098500626e-16
2026-03-12,395.01,2026-04-13,21,352.42,395.0099999999999,-0.10782005518847615,-3.3306690738754696e-16
2026-03-13,391.2,2026-04-13,20,352.42,391.20000000000016,-0.09913087934560316,4.440892098500626e-16
2026-03-16,395.56,2026-04-15,21,391.95,395.55999999999983,-0.009126301951663529,-4.440892098500626e-16
2026-03-17,399.27,2026-04-16,21,388.9,399.27,-0.025972399629323517,0.0
2026-03-18,392.78,2026-04-17,21,400.62,392.7799999999998,0.019960283110137977,-4.440892098500626e-16
2026-03-19,380.3,2026-04-20,21,392.5,380.2999999999999,0.03207993689192734,-3.3306690738754696e-16
2026-03-20,367.96,2026-04-20,20,392.5,367.9600000000001,0.06669203174258076,2.220446049250313e-16
2026-03-23,380.85,2026-04-22,21,387.51,380.84999999999997,0.0174871996849153,-1.1102230246251565e-16
2026-03-24,383.03,2026-04-23,21,373.72,383.0299999999999,-0.0243061901156566,-1.1102230246251565e-16
2026-03-25,385.95,2026-04-24,21,376.3,385.95000000000016,-0.02500323876149757,4.440892098500626e-16
2026-03-26,372.11,2026-04-27,21,378.67,372.10999999999996,0.01762919566794774,-1.1102230246251565e-16
2026-03-27,361.83,2026-04-27,20,378.67,361.83000000000004,0.046541193378105916,2.220446049250313e-16
2026-03-30,355.28,2026-04-29,21,372.8,355.28,0.049313217743751414,0.0
2026-03-31,371.75,2026-04-30,21,381.63,371.7499999999999,0.02657700067249502,-3.3306690738754696e-16
2026-04-01,381.26,2026-05-01,21,390.82,381.2599999999998,0.02507475213764887,-4.440892098500626e-16
2026-04-02,360.59,2026-05-04,21,392.51,360.59,0.08852158961701662,0.0
2026-04-06,352.82,2026-05-06,22,398.73,352.8200000000001,0.13012300889972228,2.220446049250313e-16
2026-04-07,346.65,2026-05-07,22,411.79,346.65000000000003,0.18791288042694365,2.220446049250313e-16
2026-04-08,343.25,2026-05-08,22,428.35,343.24999999999994,0.24792425345957758,-1.1102230246251565e-16
2026-04-09,345.62,2026-05-11,22,445.0,345.61999999999995,0.2875412302528788,-1.1102230246251565e-16
2026-04-10,348.95,2026-05-11,21,445.0,348.94999999999993,0.275254334431867,-1.1102230246251565e-16
2026-04-13,352.42,2026-05-13,22,445.27,352.42000000000013,0.26346404857840056,2.220446049250313e-16
2026-04-14,364.2,2026-05-14,22,443.3,364.2000000000001,0.21718835804503023,2.220446049250313e-16
2026-04-15,391.95,2026-05-15,22,422.24,391.9499999999998,0.0772802653399669,-4.440892098500626e-16
2026-04-16,388.9,2026-05-18,22,409.99,388.90000000000015,0.05422987914631028,4.440892098500626e-16
2026-04-17,400.62,2026-05-18,21,409.99,400.62000000000006,0.023388747441465796,2.220446049250313e-16
2026-04-20,392.5,2026-05-20,22,417.26,392.4999999999999,0.06308280254777077,-3.3306690738754696e-16
2026-04-21,386.42,2026-05-21,22,417.85,386.42,0.08133636975311842,0.0
2026-04-22,387.51,2026-05-22,22,426.01,387.5100000000001,0.09935227478000574,2.220446049250313e-16
2026-04-23,373.72,2026-05-26,22,433.59,373.7199999999999,0.16020014984480335,-3.3306690738754696e-16
2026-04-24,376.3,2026-05-26,21,433.59,376.3000000000001,0.15224554876428376,2.220446049250313e-16
2026-04-27,378.67,2026-05-27,21,440.36,378.67000000000013,0.1629122983072333,2.220446049250313e-16
2026-04-28,376.02,2026-05-28,21,442.1,376.0200000000001,0.17573533322695623,2.220446049250313e-16
2026-04-29,372.8,2026-05-29,21,435.79,372.7999999999999,0.16896459227467808,-3.3306690738754696e-16
2026-04-30,381.63,2026-06-01,21,415.88,381.62999999999994,0.0897466132117497,-1.1102230246251565e-16
2026-05-01,390.82,2026-06-01,20,415.88,390.82000000000005,0.06412159050202138,2.220446049250313e-16
2026-05-04,392.51,2026-06-03,21,423.7,392.50999999999993,0.07946294361927086,-1.1102230246251565e-16
2026-05-05,389.37,2026-06-04,21,418.45,389.36999999999995,0.07468474715566176,-1.1102230246251565e-16
2026-05-06,398.73,2026-06-05,21,391.0,398.7300000000001,-0.019386552303563898,2.220446049250313e-16
2026-05-07,411.79,2026-06-08,21,408.95,411.79000000000013,-0.0068967192015347845,2.220446049250313e-16
2026-05-08,428.35,2026-06-08,20,408.95,428.35,-0.04529006653437617,0.0
2026-05-11,445.0,2026-06-10,21,381.59,444.99999999999994,-0.142494382022472,-1.1102230246251565e-16
2026-05-12,433.45,2026-06-11,21,399.15,433.45,-0.07913254123889724,0.0
2026-05-13,445.27,2026-06-12,21,406.43,445.2700000000001,-0.08722797403822391,2.220446049250313e-16
2026-05-14,443.3,2026-06-15,21,411.15,443.3000000000002,-0.07252424994360485,4.440892098500626e-16
2026-05-15,422.24,2026-06-15,20,411.15,422.24000000000007,-0.026264683592269855,2.220446049250313e-16
2026-05-18,409.99,2026-06-17,21,396.38,409.9900000000001,-0.03319593160808798,2.220446049250313e-16
2026-05-19,404.11,2026-06-18,21,400.49,404.11000000000007,-0.008957956991908156,2.220446049250313e-16
2026-05-20,417.26,2026-06-22,21,405.05,417.2599999999999,-0.029262330441451323,-2.220446049250313e-16
2026-05-21,417.85,2026-06-22,20,405.05,417.84999999999997,-0.030633002273543153,-1.1102230246251565e-16
2026-05-22,426.01,2026-06-22,19,405.05,426.01,-0.04920072298772327,0.0
2026-05-26,433.59,2026-06-25,21,375.12,433.59,-0.13485089600774924,0.0
2026-05-27,440.36,2026-06-26,21,379.71,440.3599999999999,-0.13772822236352078,-2.220446049250313e-16
2026-05-28,442.1,2026-06-29,21,411.84,442.0999999999999,-0.0684460529292017,-2.220446049250313e-16
2026-05-29,435.79,2026-06-29,20,411.84,435.79000000000013,-0.05495766309460992,2.220446049250313e-16
2026-06-01,415.88,2026-07-01,21,425.3,415.8799999999999,0.022650764643647348,-2.220446049250313e-16
2026-06-02,423.74,2026-07-02,21,393.45,423.7399999999999,-0.07148251286166052,-2.220446049250313e-16
2026-06-03,423.7,2026-07-06,21,419.77,423.6999999999999,-0.009275430729289602,-2.220446049250313e-16
2026-06-04,418.45,2026-07-06,20,419.77,418.44999999999993,0.0031544987453697715,-1.1102230246251565e-16
2026-06-05,391.0,2026-07-06,19,419.77,391.0,0.07358056265984647,0.0
2026-06-08,408.95,2026-07-08,20,394.06,408.95,-0.036410319109915656,0.0
2026-06-09,396.68,2026-07-09,20,406.55,396.6799999999999,0.024881516587677677,-3.3306690738754696e-16
2026-06-10,381.59,2026-07-10,20,407.76,381.5900000000001,0.06858146177834845,2.220446049250313e-16
2026-06-11,399.15,2026-07-13,20,394.76,399.15000000000003,-0.010998371539521434,2.220446049250313e-16
2026-06-12,406.43,2026-07-13,19,394.76,406.43000000000006,-0.028713431587235272,2.220446049250313e-16
2026-06-15,411.15,2026-07-15,20,394.46,411.15000000000003,-0.040593457375653674,2.220446049250313e-16
2026-06-16,404.66,2026-07-16,20,391.06,404.66000000000014,-0.03360846142440577,2.220446049250313e-16
2026-06-17,396.38,2026-07-17,20,380.84,396.37999999999994,-0.039204803471416416,-1.1102230246251565e-16
2026-06-18,400.49,2026-07-20,20,369.57,400.4900000000002,-0.07720542335638847,4.440892098500626e-16
2026-06-22,405.05,2026-07-22,21,374.01,405.04999999999984,-0.07663251450438224,-4.440892098500626e-16
2026-06-23,381.61,2026-07-23,21,319.69,381.60999999999996,-0.1622598988496109,-1.1102230246251565e-16
2026-06-24,375.53,2026-07-24,21,313.03,375.5300000000001,-0.1664314435597689,2.220446049250313e-16
2026-06-25,375.12,2026-07-27,21,309.22,375.1200000000002,-0.17567711665600338,4.440892098500626e-16
2026-06-26,379.71,2026-07-27,20,309.22,379.7099999999999,-0.18564167390903574,-1.1102230246251565e-16
2026-06-29,411.84,2026-07-29,21,298.32,411.84000000000015,-0.27564102564102566,4.440892098500626e-16
2026-06-30,420.6,2026-07-30,21,308.85,420.6000000000001,-0.2656918687589158,2.220446049250313e-16
2026-07-01,425.3,2026-07-31,21,311.21,425.3000000000001,-0.2682577004467436,2.220446049250313e-16
2026-07-02,393.45,2026-08-03,21,322.08,393.4499999999999,-0.1813953488372093,-3.3306690738754696e-16
2026-07-06,419.77,2026-08-05,22,321.55,419.77000000000015,-0.23398527765204746,4.440892098500626e-16
2026-07-07,402.9,2026-08-06,22,319.53,402.9000000000001,-0.20692479523454954,2.220446049250313e-16
2026-07-08,394.06,2026-08-07,22,328.58,394.05999999999983,-0.16616758869207737,-4.440892098500626e-16
2026-07-09,406.55,2026-08-10,22,330.88,406.54999999999995,-0.18612716763005788,-1.1102230246251565e-16
2026-07-10,407.76,2026-08-10,21,330.88,407.7599999999999,-0.1885422797724151,-3.3306690738754696e-16
2026-07-13,394.76,2026-08-12,22,327.51,394.76000000000016,-0.170356672408552,4.440892098500626e-16
2026-07-14,396.18,2026-08-13,22,339.96,396.1800000000001,-0.14190519460851136,2.220446049250313e-16
2026-07-15,394.46,2026-08-14,22,342.27,394.46,-0.1323074582974193,0.0
2026-07-16,391.06,2026-08-17,22,339.3,391.0600000000001,-0.1323582059019076,2.220446049250313e-16
2026-07-17,380.84,2026-08-17,21,339.3,380.8399999999999,-0.10907467702972373,-1.1102230246251565e-16
2026-07-20,369.57,2026-08-19,22,351.12,369.56999999999994,-0.04992288335092132,-1.1102230246251565e-16
2026-07-21,378.93,2026-08-20,22,345.13,378.93,-0.08919853271052702,0.0
2026-07-22,374.01,2026-08-21,22,362.86,374.0099999999999,-0.029812037111307088,-3.3306690738754696e-16
2026-07-23,319.69,2026-08-24,22,348.95,319.6900000000001,0.09152616597328667,4.440892098500626e-16
2026-07-24,313.03,2026-08-24,21,348.95,313.0300000000001,0.11474938504296728,4.440892098500626e-16
