Date,Current_Close,Future_Date_30D,Actual_Return_30D,Predicted_Return_30D,Actual_Future_Price,Predicted_Future_Price
2024-06-10,3666.7175217484,2024-07-10,-0.1539520631106129,0.08441150585672993,3102.2187944314,3976.230669310439
2024-06-11,3498.3305497967,2024-07-11,-0.1137684935764943,0.08764390452172892,3100.3307531137,3804.9378984885293
2024-06-12,3559.6176452473,2024-07-12,-0.1195237873302378,0.1030222696749654,3134.1586628398,3926.3375342357326
2024-06-13,3469.2812508702,2024-07-13,-0.0841911019848381,0.08884426361441596,3177.1986392641,3777.5069888750627
2024-06-14,3480.2719181115,2024-07-14,-0.0678661987984161,0.0989205601151551,3244.0790922444,3824.5423656041344
2024-06-17,3511.379017106,2024-07-17,-0.0349226453200902,0.09665571848046851,3388.7523731072,3850.773878861622
2024-06-18,3483.6813541597,2024-07-18,-0.016483357023005,0.09980377760498017,3426.2585906447,3831.365913276871
2024-06-20,3511.0869233634,2024-07-20,0.002337857449834,0.09854514698550186,3519.2953440842,3857.0875003051196
2024-06-21,3516.0755619859,2024-07-21,0.0058388613532254,0.07608166609763267,3536.6054396998,3783.5844488669577
2024-06-24,3350.25635103,2024-07-24,-0.0041539887792829,0.022192162752525564,3336.3394237401,3424.605785234741
2024-06-25,3395.029004864,2024-07-25,-0.0649778512007843,0.03359621148605391,3174.4273153636,3509.0891173126984
2024-06-26,3369.4772002383,2024-07-26,-0.0277567617465658,0.020401305014516,3275.9514243808,3438.2189323398193
2024-06-27,3444.8005378863,2024-07-27,-0.0572435338391161,0.043723995690325035,3247.6079817268,3595.42098175887
2024-06-28,3373.6359398066,2024-07-28,-0.0302852190214564,0.01819230945571472,3271.4646364709,3435.010168814483
2024-07-01,3440.3416247238,2024-07-31,-0.0607631278629728,0.05879915087751555,3231.2957066884,3642.630790986132
2024-07-02,3416.3547278949,2024-08-01,-0.0628711881732638,0.025289456109854343,3201.5644469308,3502.752480841692
2024-07-03,3292.9167872079,2024-08-02,-0.0932011509063753,0.01682341349923489,2986.0131528012,3348.314887937671
2024-07-05,2981.5986963517,2024-08-04,-0.0990072324849442,-0.006122708033859947,2686.3988610452,2963.343238059801
2024-07-08,3018.7320323162,2024-08-07,-0.2259699270256222,-0.016230232440992746,2336.5893752638,2969.7373097546374
2024-07-09,3064.0328836456,2024-08-08,-0.1242415144015247,-0.007115396578085063,2683.3527980054,3042.231074550168
2024-07-10,3102.2187944314,2024-08-09,-0.1620195876930158,-0.014020521220680772,2599.5985844241,3058.72406999288
2024-07-11,3100.3307531137,2024-08-10,-0.1581469670275914,-0.021699763912811445,2610.0228477264,3033.054307719504
2024-07-12,3134.1586628398,2024-08-11,-0.1853468458097944,-0.00871141155814734,2553.252240415,3106.8557168392695
2024-07-15,3489.5526866155,2024-08-14,-0.2368893580467048,0.1733667309347788,2662.914790813,4094.5250283187042
2024-07-16,3443.5135017873,2024-08-15,-0.2536437772839752,0.1205253252995757,2570.0877300656,3858.5440867636953
2024-07-17,3388.7523731072,2024-08-16,-0.2347666169433717,0.1728126070701178,2593.186442814,3974.371505418904
2024-07-18,3426.2585906447,2024-08-17,-0.2369090952414845,0.11631263436533135,2614.5467678717,3824.7757533394324
2024-07-19,3505.7348409679,2024-08-18,-0.2545479629568684,0.10597018181894295,2613.3571785326,3877.238199474271
2024-07-22,3440.419892469,2024-08-21,-0.2351527759533176,0.08933651031749867,2631.3956043099,3747.774999689085
2024-07-23,3481.9959539767,2024-08-22,-0.2467103956107149,0.09875654272266966,2622.9513546562,3825.8658361657635
2024-07-24,3336.3394237401,2024-08-23,-0.171413111139333,0.13713865845073034,2764.4471033,3793.8805364481
2024-07-25,3174.4273153636,2024-08-24,-0.1275939067538255,0.08218511929265544,2769.3897324903,3435.3180029626214
2024-07-26,3275.9514243808,2024-08-25,-0.1608063396095291,0.11203640916789406,2749.1576670875,3642.9772585768724
2024-07-29,3320.5392099336,2024-08-28,-0.2385527337005726,0.09775605046267406,2528.415504044,3645.142008503157
2024-07-30,3278.6677928161,2024-08-29,-0.2287133450220096,0.09633404519207164,2528.7927147052,3594.5151241390354
2024-07-31,3231.2957066884,2024-08-30,-0.2183253566362721,0.14968315596364715,2525.8219191284,3714.9662459173032
2024-08-01,3201.5644469308,2024-08-31,-0.214948259902567,0.14390274330534206,2513.3937400971,3662.2783537129926
2024-08-02,2986.0131528012,2024-09-01,-0.1869083770177408,0.016223772674345292,2427.9022806575,3034.4575513948516
2024-08-05,2417.2061842115,2024-09-04,0.0131435950143672,-0.08434764692777481,2448.976963363,2213.3205304339945
2024-08-06,2458.7238702336,2024-09-05,-0.0370054959186431,-0.0655225534590843,2367.7375740886,2297.622004005092
2024-08-07,2336.5893752638,2024-09-06,-0.0482382037801463,-0.07739400078155464,2223.8765008293,2155.751375328461
2024-08-08,2683.3527980054,2024-09-07,-0.1525128315478314,0.03838369975871707,2274.1070647398,2786.3498061507526
2024-08-09,2599.5985844241,2024-09-08,-0.1162893857512509,0.013112948519601111,2297.2928618416,2633.686986833281
2024-08-12,2724.4318594324,2024-09-11,-0.1411634843209197,0.06290927170927306,2339.84156536,2895.8238835308325
2024-08-13,2703.6718464697,2024-09-12,-0.126454038333025,0.03523445720173301,2361.7816231563,2798.934256431667
2024-08-14,2662.914790813,2024-09-13,-0.0831072472055832,0.0658399892276459,2441.6072730055,2838.2410719542668
2024-08-15,2570.0877300656,2024-09-14,-0.0589442741588176,0.02818459601030537,2418.5957742924,2642.524614448542
2024-08-16,2593.186442814,2024-09-15,-0.1050017833626822,0.05655822819128602,2320.8972417266,2739.8524733892236
2024-08-19,2637.3062899278,2024-09-18,-0.1014585470771488,0.05634597082299622,2369.7290255543,2785.907873191377
2024-08-20,2573.1068581158,2024-09-19,-0.0421104645713954,0.06805024117758748,2464.7521329287,2748.2074003862845
2024-08-21,2631.3956043099,2024-09-20,-0.0267248309188929,0.058548832526660266,2561.072001704,2785.4607448580305
2024-08-22,2622.9513546562,2024-09-21,-0.0027046665211715,0.0386332471022919,2615.8571459406,2724.284482477924
2024-08-23,2764.4471033,2024-09-22,-0.0656856941465573,0.14145117098872315,2582.8624763883,3155.4813831981687
2024-08-26,2681.3405143605,2024-09-25,-0.0380227518658574,0.025682053394565398,2579.3885693151,2750.202844619318
2024-08-27,2458.7264730716,2024-09-26,0.0705541834884893,0.14056996028548682,2632.1999118007,2804.34955574415
2024-08-28,2528.415504044,2024-09-27,0.0662411269008282,0.018781381141707434,2695.9005963054,2575.902639310053
2024-08-29,2528.7927147052,2024-09-28,0.0588211073701785,0.023186813334624995,2677.5391024938,2587.427359343029
2024-08-30,2525.8219191284,2024-09-29,0.0528639519972871,0.013987057773633413,2659.3468478149,2561.1507362371585
2024-09-03,2420.603643795,2024-10-03,-0.0292540468972364,-0.038009278842364325,2349.7911912798,2328.598244931153
2024-09-04,2448.976963363,2024-10-04,-0.0139580833822784,0.0049041367279236085,2414.7939387071,2460.987081234867
2024-09-05,2367.7375740886,2024-10-05,0.0202278642657161,-0.018318855824312096,2415.6318483541,2324.3633308390645
2024-09-06,2223.8765008293,2024-10-06,0.0971642537457551,-0.021925504769264772,2439.9578014551,2175.116886004111
2024-09-09,2358.4821965753,2024-10-09,0.0041557838941215,-0.012163006004382314,2368.2835389024,2329.7959634571257
2024-09-10,2389.5809379648,2024-10-10,-0.0023950198907571,-0.0124874782094642,2383.8578440878,2359.7410980722134
2024-09-11,2339.84156536,2024-10-11,0.0413155821067423,-0.01823820947607205,2436.5134816704,2297.167044750144
2024-09-12,2361.7816231563,2024-10-12,0.048582594640337,-0.017933702476803117,2476.5231023831,2319.4261342114337
2024-09-13,2441.6072730055,2024-10-13,0.0106772658238807,-0.021719565336742453,2467.6769628969,2388.5766243127914
2024-09-16,2295.2837746294,2024-10-16,0.1375944206048303,-0.0023632029991359684,2611.1020157232,2289.8595531293277
2024-09-17,2341.7077628551,2024-10-17,0.1121257383863603,-0.022671765695369092,2604.2734748503,2288.6171131286223
2024-09-18,2369.7290255543,2024-10-18,0.1147064738090544,-0.004711392996477778,2641.5522859586,2358.564300819753
2024-09-19,2464.7521329287,2024-10-19,0.0746138962239899,0.07981133437712552,2648.6568927929,2661.4672895666063
2024-09-20,2561.072001704,2024-10-20,0.0723493878260419,0.11821472040688562,2746.3639932057,2863.8284123273406
2024-09-23,2648.5464300632,2024-10-23,-0.0526506326997532,0.22629293483814034,2509.0987847857,3247.893774777281
2024-09-24,2654.3549330008,2024-10-24,-0.0451545808835746,0.17109454458076906,2534.4986484849,3108.5005814182896
2024-09-25,2579.3885693151,2024-10-25,-0.0556157320431139,0.1761880630410722,2435.933985809,3033.8460451730098
2024-09-26,2632.1999118007,2024-10-26,-0.0579730674037627,0.1795227553603852,2479.6032088937,3104.739692626525
2024-09-27,2695.9005963054,2024-10-27,-0.070462513701889,0.1968867952334676,2505.9406635993,3226.6878249799647
2024-09-30,2603.0626884402,2024-10-30,0.0208638342757867,0.1576885501920634,2657.3725569813,3013.5358698393898
2024-10-01,2448.9211886564,2024-10-31,0.0273091813877002,0.11666809106419386,2515.7992216016,2734.632148903599
2024-10-02,2365.2317288844,2024-11-01,0.0620039961826368,0.05322107044559316,2511.8855479732,2491.1118933475086
2024-10-03,2349.7911912798,2024-11-02,0.060123384803717,0.0452092137702009,2491.0685912815,2456.0234035617036
2024-10-04,2414.7939387071,2024-11-03,0.0172400771713836,0.064179486698947,2456.4251725634,2569.77417417705
2024-10-07,2421.7967510959,2024-11-06,0.12485457962749,0.186390007181568,2724.1691663972,2873.1954649249633
2024-10-08,2439.8409399284,2024-11-07,0.1867927318288929,0.17543192418245895,2895.5854943256,2867.8669307191785
2024-10-09,2368.2835389024,2024-11-08,0.2508201374668173,0.050188730388586025,2962.2967416903,2487.1446829200986
2024-10-10,2383.8578440878,2024-11-09,0.3134778445697772,0.04255767533479066,3131.1444628132,2485.3092922607825
2024-10-11,2436.5134816704,2024-11-10,0.3097942531688846,0.04998324270742902,3191.3313560604,2558.298326384654
2024-10-14,2628.8998971244,2024-11-13,0.2144228264400232,0.25652781846626366,3192.5960434937,3303.285852699907
2024-10-15,2606.02186875,2024-11-14,0.1738001148045047,0.2490590666135888,3058.9487687218,3255.0752429554755
2024-10-16,2611.1020157232,2024-11-15,0.1884025939808971,0.24838765891869025,3103.0404086342,3259.667532606559
2024-10-17,2604.2734748503,2024-11-16,0.2031278043669773,0.313256495439693,3133.2738277678,3420.0790567484564
2024-10-18,2641.5522859586,2024-11-17,0.164338683724621,0.2497402223676393,3075.6615116228,3301.2541412496466
2024-10-21,2665.7120469235,2024-11-20,0.1524830460079189,0.20301965666568628,3072.1879396184,3206.903991459493
2024-10-22,2620.1975773667,2024-11-21,0.2827482766762808,0.19697838893613454,3361.0539269185,3136.3198748507552
2024-10-23,2509.0987847857,2024-11-22,0.3278077753358162,0.09962568070011799,3331.6008755241,2759.069459163814
2024-10-24,2534.4986484849,2024-11-23,0.3399981236123881,0.10450853138657862,3396.2234332679,2799.375380039325
2024-10-25,2435.933985809,2024-11-24,0.3808501841286933,0.07362519032252222,3363.6598928297,2615.280089127288
2024-10-28,2565.348032837,2024-11-27,0.4256347503070661,0.10369072835847817,3657.2493022443,2831.350838854858
2024-10-29,2637.9575809217,2024-11-28,0.3570390604182183,0.1423397212131502,3579.8114770371,3013.443727562211
2024-10-30,2657.3725569813,2024-11-29,0.3522734291435252,0.16481712323181105,3593.494300141,3095.3530571781193
2024-10-31,2515.7992216016,2024-11-30,0.4729733476752908,0.06874457928512284,3705.7052015214,2688.746780656442
2024-11-01,2511.8855479732,2024-12-01,0.4774419553253448,0.0521076355567754,3711.165095551,2642.7739646673185
2024-11-04,2397.026458485,2024-12-04,0.6025401608775933,0.0311430909664095,3841.3311664084,2471.6772715304887
2024-11-05,2422.6507300945,2024-12-05,0.5730737432097546,0.03364848443128979,3811.0082524796,2504.169255468538
2024-11-06,2724.1691663972,2024-12-06,0.4704705537664209,0.16076545722384916,4005.8105426655,3162.1214679881577
2024-11-07,2895.5854943256,2024-12-07,0.3823431249691187,0.1872789248101593,4002.6927008413,3437.8676323987916
2024-11-08,2962.2967416903,2024-12-08,0.3522293428374856,0.5788900883179924,4005.7045763055,4677.140964111499
2024-11-11,3374.8128836903,2024-12-11,0.1357139431824363,0.5136769405106286,3832.8220476388,5108.376440580186
2024-11-12,3246.2572583493,2024-12-12,0.1961779954906073,0.24110339317346308,3883.1015001391,4028.9408984512993
2024-11-13,3192.5960434937,2024-12-13,0.2250861614965909,0.1892520277225562,3911.2052321329,3796.801318423893
2024-11-14,3058.9487687218,2024-12-14,0.2646191599671792,0.20366424190346671,3868.4052222836,3681.9472507250684
2024-11-15,3103.0404086342,2024-12-15,0.2735706338495096,0.25816512730767166,3951.9411400849,3904.137230770098
2024-11-18,3207.8563404704,2024-12-18,0.1281026921167987,0.18635932409933506,3618.7913736086,3805.67027988823
2024-11-19,3111.3839903555,2024-12-19,0.0985233191329673,0.1807627087052197,3417.9278681825,3673.8061882742154
2024-11-20,3072.1879396184,2024-12-20,0.1303193277580308,0.20699576423125735,3472.5534066558,3708.1178300417628
2024-11-21,3361.0539269185,2024-12-21,-0.007090470996087,0.14818753459715783,3337.2224715334,3859.120221996648
2024-11-22,3331.6008755241,2024-12-22,-0.0162281407566849,0.1609777097301387,3277.535187571,3867.914354200894
2024-11-25,3413.5439002968,2024-12-25,0.023345643941439,0.14917259771177024,3493.2352807716,3922.7511113072414
2024-11-26,3326.5174096597,2024-12-26,0.0014154361019507,0.17934839825687784,3331.2258824951,3923.1229788557857
2024-11-27,3657.2493022443,2024-12-27,-0.0897757860801329,0.15499383008541362,3328.9168712443,4224.1003791763505
2024-11-29,3593.494300141,2024-12-29,-0.0678951848660027,0.1363870436427415,3349.513340318,4083.600364084273
2024-12-02,3644.1985794337,2025-01-01,-0.0797690901619783,0.15147912185072124,3353.5041743827,4196.218580095962
2024-12-03,3620.7116867755,2025-01-02,-0.0467640090563494,0.1836024779948828,3451.3926926647,4285.483324572514
2024-12-04,3841.3311664084,2025-01-03,-0.0615207327449869,0.1926546451990556,3605.0096583348,4581.381459364885
2024-12-05,3811.0082524796,2025-01-04,-0.0402259866874482,0.1950843733774392,3657.7066852496,4554.476409350832
2024-12-06,4005.8105426655,2025-01-05,-0.0927919270453223,0.5707369778554111,3634.1036630331,6292.074745647752
2024-12-09,3718.6904564265,2025-01-08,-0.1055105782520932,0.19659246168496977,3326.3292760284,4449.756967499789
2024-12-10,3631.8336303022,2025-01-09,-0.1135522541460095,0.2145519014225122,3219.4307348981,4411.050441333762
2024-12-11,3832.8220476388,2025-01-10,-0.1474975880745288,0.18633712005923814,3267.4900400932,4547.019069695366
2024-12-12,3883.1015001391,2025-01-11,-0.1547432582891988,0.20730504028909014,3282.2177217399,4688.0880130720625
2024-12-13,3911.2052321329,2025-01-12,-0.1649757663806159,0.17038147027839254,3265.9511514899,4577.602130144245
2024-12-16,3987.4810414282,2025-01-15,-0.1346572995533497,0.1646053513791511,3450.5376123693,4643.8417593701915
2024-12-17,3886.7660426368,2025-01-16,-0.1488180063444973,0.13508931058350096,3308.3452690441,4411.826587735968
2024-12-18,3618.7913736086,2025-01-17,-0.0399813316166175,0.05999130030539946,3474.107275649,3835.8873736453434
2024-12-19,3417.9278681825,2025-01-18,-0.0328088484690082,0.06515322353343789,3305.7895906773,3640.6168865993614
2024-12-20,3472.5534066558,2025-01-19,-0.0759064012646376,0.05461654080115481,3208.9643743573,3662.2122614746054
2024-12-23,3415.7854103169,2025-01-22,-0.0513969299277534,0.047458532541787744,3240.2245269346,3577.8935733681888
2024-12-24,3492.0497597155,2025-01-23,-0.0450553596754641,0.024855139185439933,3334.7142017869,3578.8451425357107
2024-12-26,3331.2258824951,2025-01-25,-0.0041895618074527,0.021276811499577674,3317.2695057658,3402.1037476594624
2024-12-27,3328.9168712443,2025-01-26,-0.0278717347860415,0.017411182766352815,3236.1341830842,3386.87725130353
2024-12-30,3356.3926991904,2025-01-29,-0.0725164814221855,0.020556118174476338,3112.998910374,3425.387104154908
2024-12-31,3332.5317212232,2025-01-30,-0.0254316468567001,0.017576018269806547,3247.7799513503,3391.1043596401287
2025-01-02,3451.3926926647,2025-02-01,-0.0965013537892881,0.006059902202061834,3118.3286253641,3472.3077948431587
2025-01-03,3605.0096583348,2025-02-02,-0.2042482155929963,0.12110904362329905,2868.6928684244,4041.6089303084837
2025-01-06,3688.6113395,2025-02-05,-0.2442199210253227,0.16989986595524775,2787.7789694742,4315.305911642057
2025-01-07,3381.5773155737,2025-02-06,-0.2049861327387393,0.042551480733897015,2688.4008590972,3525.4684375675174
2025-01-08,3326.3292760284,2025-02-07,-0.211680215616239,0.05119891739692028,2622.2111776681,3496.6337338667354
2025-01-10,3267.4900400932,2025-02-09,-0.1954922337444922,0.04326416158771316,2628.7211134175,3408.8552571740356
2025-01-13,3135.4997200989,2025-02-12,-0.1271241435288751,-0.017515423067638577,2736.9020036463,3080.580115972906
2025-01-14,3223.6846292978,2025-02-13,-0.1699242240684756,-0.006822494331568872,2675.9025200229,3201.69105918765
2025-01-15,3450.5376123693,2025-02-14,-0.2099516253226295,0.09865897986070514,2726.0916324155,3790.9641331766484
2025-01-16,3308.3452690441,2025-02-15,-0.1858286908417009,0.035307083504810786,2693.5597988453,3425.1532917209856
2025-01-17,3474.107275649,2025-02-16,-0.2333812295874586,0.0814094276413562,2663.3158479393,3756.932360524256
2025-01-21,3327.4062612887,2025-02-20,-0.1764196110381328,0.04394205784553234,2740.3865429063,3473.6193396978347
2025-01-22,3240.2245269346,2025-02-21,-0.1791755464561725,0.03166616138531084,2659.6555266804,3342.8299997291533
2025-01-23,3334.7142017869,2025-02-22,-0.17113457343193,0.01082956098929072,2764.0293093467,3370.8276926170056
2025-01-24,3309.554998792,2025-02-23,-0.1475258149357877,0.009272899184840408,2821.3102005204,3340.2441686424822
2025-01-27,3178.9205191584,2025-02-26,-0.2665898391130779,0.00022278935243427527,2331.4526094027,3179.6287488023036
2025-01-28,3077.1126333315,2025-02-27,-0.250763729448792,-0.007041602014752442,2305.4843934633,3055.4448308130127
2025-01-29,3112.998910374,2025-02-28,-0.2811095325967091,0.01934416375221175,2237.9052417047,3173.2172710567315
2025-01-30,3247.7799513503,2025-03-01,-0.3174896817654453,0.0438681741018603,2216.6433281519,3390.2541277006662
2025-01-31,3298.2651884844,2025-03-02,-0.2360546139470259,0.052779063770230554,2519.6944727218,3472.3445371985495
2025-02-03,2884.5666311078,2025-03-05,-0.2227680589144918,-0.013564938636076636,2241.9773218864,2845.4376617651483
2025-02-04,2735.0512076664,2025-03-06,-0.1947219007007196,-0.04596878868571604,2202.4768379958,2609.3242166565706
2025-02-05,2787.7789694742,2025-03-07,-0.2327270380004938,-0.0264578953933873,2138.9874273084,2714.0202051199667
2025-02-06,2688.4008590972,2025-03-08,-0.181107901277901,-0.05917934022705441,2201.5102217124,2529.3030699899814
2025-02-07,2622.2111776681,2025-03-09,-0.2313704075368302,-0.04016169719006886,2015.5091088434,2516.8987263821796
2025-02-10,2661.1668048351,2025-03-12,-0.2826519999880312,-0.02705815062732095,1908.9826851467,2589.160552585445
2025-02-11,2602.7820070465,2025-03-13,-0.2842390786498866,-0.019781388647408606,1862.9696474371,2551.295364600631
2025-02-12,2736.9020036463,2025-03-14,-0.3023252134965853,-0.010660455963383966,1909.4675210747,2707.725380360331
2025-02-13,2675.9025200229,2025-03-15,-0.2759845838476881,-0.03261570168815974,1937.3946766174,2588.6260816832378
2025-02-14,2726.0916324155,2025-03-16,-0.30764065475077,-0.025034753653626344,1887.4350177086,2657.8445999607657
2025-02-18,2669.3387495962,2025-03-20,-0.2574565912207137,-0.020265111789361287,1982.0998943118,2615.2443014319592
2025-02-19,2715.7709077319,2025-03-21,-0.2765047024380788,-0.0248107504235789,1964.8474809995,2648.3905935325474
2025-02-20,2740.3865429063,2025-03-22,-0.2774603955263248,-0.012943470382697183,1980.0378088165,2704.9164308510503
2025-02-21,2659.6555266804,2025-03-23,-0.2460304686887487,-0.022435178441418107,2005.2992309006,2599.9856803466214
2025-02-24,2513.8211930964,2025-03-26,-0.200742936093724,-0.009976845019257803,2009.1893459796,2488.741188646751
2025-02-25,2493.592433124,2025-03-27,-0.196998912233053,-0.011766489676850829,2002.357436246,2464.251603501373
2025-02-26,2331.4526094027,2025-03-28,-0.1869863169105921,-0.032553674457015756,1895.5028729189,2255.5552601442446
2025-02-27,2305.4843934633,2025-03-29,-0.2074028657227653,-0.044345792141847584,1827.3203233799,2203.245861764503
2025-02-28,2237.9052417047,2025-03-30,-0.1928976202719233,-0.06451769731664433,1806.2186461858,2093.5207486970644
2025-03-03,2145.5738939222,2025-04-02,-0.1632480192834602,0.04026064978388579,1795.3132055131,2231.95609305085
2025-03-04,2170.015168597,2025-04-03,-0.1633066500636119,0.030815584781099956,1815.6372608262,2236.885455001174
2025-03-05,2241.9773218864,2025-04-04,-0.1902972376815227,0.049466181635416336,1815.3352305868,2352.879379313317
2025-03-06,2202.4768379958,2025-04-05,-0.1800262279485802,0.04120043638501991,1805.9732407073,2293.219844849126
2025-03-07,2138.9874273084,2025-04-06,-0.2628623861388566,0.04272409033567481,1576.7280882451,2230.3737193795964
2025-03-10,1861.1513909157,2025-04-09,-0.1037590814858901,0.014995107118137679,1668.0400320881,1889.059555385552
2025-03-11,1919.8449490468,2025-04-10,-0.2069574292684269,0.018542501772612352,1522.5187737981,1955.443677417641
2025-03-12,1908.9826851467,2025-04-11,-0.1790654500467777,0.021726893895960265,1567.1498414994,1950.4589493961078
2025-03-13,1862.9696474371,2025-04-12,-0.117791033634384,0.01924423776156544,1643.528527036,1898.8210782749593
2025-03-14,1909.4675210747,2025-04-13,-0.1638057547728583,0.017273423484620753,1596.6857525708,1942.4505621963524
2025-03-17,1927.0029027556,2025-04-16,-0.1810570850059847,0.04069693894360885,1578.1053743846,2005.4260222332018
2025-03-18,1932.5434086744,2025-04-17,-0.1811059485076581,0.0662907119549529,1582.5483016142,2060.6530871192776
2025-03-19,2057.7491339808,2025-04-18,-0.2278336327705991,0.06760340285621878,1588.9246734554,2196.859977662339
2025-03-20,1982.0998943118,2025-04-19,-0.1862555397209589,0.07102815433716807,1612.9228087159,2122.884791516663
2025-03-21,1964.8474809995,2025-04-20,-0.1920420064741891,0.07281222280976551,1587.5142283326,2107.9123935732423
2025-03-24,2077.4790642279,2025-04-23,-0.1354405347181554,0.15299136497723612,1796.1041889031,2395.3154219757575
2025-03-25,2067.7642367492,2025-04-24,-0.1440843904404156,0.14061617526296669,1769.8316871227,2358.5253350664198
2025-03-26,2009.1893459796,2025-04-25,-0.1107684795633291,-0.018335036623675957,1786.6344969706,1972.3507857371644
2025-03-27,2002.357436246,2025-04-26,-0.0901319000772185,-0.0024713553502736935,1821.8811558834,1997.4088994827732
2025-03-28,1895.5028729189,2025-04-27,-0.0541480789888475,-0.02408463798637179,1792.8650336325,1849.8503724225206
2025-03-31,1823.4800048352,2025-04-30,-0.0162900840715193,0.03308318051389748,1793.7753622537,1883.8065229986457
2025-04-01,1905.4914001311,2025-05-01,-0.0347783341110542,0.016079658267009897,1839.2215835716,1936.1310506759344
2025-04-02,1795.3132055131,2025-05-02,0.0263990832507994,0.022695065242176495,1842.7078282867,1836.0579558423608
2025-04-03,1815.6372608262,2025-05-03,0.0100253784866792,0.013349192260565829,1833.8397115605,1839.874551696416
2025-04-04,1815.3352305868,2025-05-04,-0.0037133365877116,0.014938834801697632,1808.5942798561,1842.4542237062378
2025-04-07,1555.2409524507,2025-05-07,0.1648398548063097,-0.06716306620397254,1811.6066452415,1450.7862013981244
2025-04-08,1472.553129615,2025-05-08,0.4984278875515986,-0.07045952636047235,2206.5146753165,1368.7977335616958
2025-04-09,1668.0400320881,2025-05-09,0.406145666199406,-0.03456780314218601,2345.5072621678,1610.3795526255929
2025-04-10,1522.5187737981,2025-05-10,0.6961516332707323,-0.0063035151901742695,2582.422704863,1512.9215535801382
2025-04-11,1567.1498414994,2025-05-11,0.6017855086819792,0.01955951653382595,2510.237906047,1597.8025347351904
2025-04-14,1622.7698983048,2025-05-14,0.6084000100270281,0.05854532666674262,2610.063120705,1717.7754921060114
2025-04-15,1588.6324584921,2025-05-15,0.6031756515734472,0.05962195533683834,2546.8568767538,1683.349831978968
2025-04-16,1578.1053743846,2025-05-16,0.6071788614493236,0.05848733782454752,2536.2975988505,1670.4045565389663
2025-04-17,1582.5483016142,2025-05-17,0.5644100515759483,0.07231331170891986,2475.7544701497,1696.9876102432493
2025-04-21,1579.734555934,2025-05-21,0.6156810593261055,0.07146937968752175,2552.3472007855,1692.6372047175453
2025-04-22,1757.3317029388,2025-05-22,0.516024005392385,0.1327060658744966,2664.1570470923,1990.5402796723374
2025-04-23,1796.1041889031,2025-05-23,0.4066232888473609,0.1438392346710063,2526.4419813074,2054.4544408243105
2025-04-24,1769.8316871227,2025-05-24,0.4298796035967085,0.12805617373064115,2530.6462312159,1996.4695611228783
2025-04-25,1786.6344969706,2025-05-25,0.4282517320527761,0.13686532563547282,2551.7638148435,2031.1628091900502
2025-04-28,1798.8517797249,2025-05-28,0.4910693978579452,0.1255049834091232,2682.2128400301,2024.6166424947455
2025-04-29,1799.1756569895,2025-05-29,0.4632561671239665,0.11448093193054369,2632.6548758292,2005.1469629084065
2025-04-30,1793.7753622537,2025-05-30,0.4104016038831517,0.10739174219875545,2529.9436479287,1986.4120235193284
2025-05-01,1839.2215835716,2025-05-31,0.3750857431339207,0.10836115384377536,2529.0873780335,2038.5217565417943
2025-05-02,1842.7078282867,2025-06-01,0.3763800586730843,0.11989280534591136,2536.2663088146,2063.6352392528647
2025-05-05,1819.6974998047,2025-06-04,0.4335586179929214,0.16737824820170452,2608.6430329852,2124.2752795790325
2025-05-06,1815.087467964,2025-06-05,0.3312226737271615,0.1539926869826846,2416.2855921517,2094.597664264374
2025-05-07,1811.6066452415,2025-06-06,0.3674021436408854,0.12830490877473064,2477.1948101373,2044.0446705949064
2025-05-08,2206.5146753165,2025-06-07,0.1450208883324562,0.31844791741792783,2526.5053936495,2909.1746784231345
2025-05-09,2345.5072621678,2025-06-08,0.0704665215789366,0.29713696565872927,2510.7870002709,3042.4441729788537
2025-05-12,2496.3976889157,2025-06-11,0.1110126132144717,0.2666672690695399,2773.5293199848,3162.105243130361
2025-05-13,2680.129604376,2025-06-12,-0.0105720131998232,0.31457460419135613,2651.7952388213,3523.230313854116
2025-05-14,2610.063120705,2025-06-13,-0.0117150737709902,0.20713513508958034,2579.486038699,3150.6988978045615
2025-05-15,2546.8568767538,2025-06-14,-0.0052663678736417,0.21106119385336522,2533.4441915193,3084.3995297351103
2025-05-16,2536.2975988505,2025-06-15,0.0041554902532638,0.16469241766879517,2546.8371588019,2954.0065823327486
2025-05-19,2529.1666716605,2025-06-18,-0.0019236141882281,0.15031696540553596,2524.3015307665,2909.343330749326
2025-05-20,2524.1732121799,2025-06-19,-0.000998165217364,0.14127273288727116,2521.6536702769,2880.770060145396
2025-05-21,2552.3472007855,2025-06-20,-0.0568272704146449,0.1503181504469626,2407.3042762144,2936.0113113060584
2025-05-22,2664.1570470923,2025-06-21,-0.1365014906697806,0.13617555651615465,2300.4956387858,3026.9501156265296
2025-05-23,2526.4419813074,2025-06-22,-0.1180430180530291,0.13477155951789674,2228.213144898,2866.934507159683
2025-05-27,2663.0697270642,2025-06-26,-0.092721202538099,0.17973385308152587,2416.146699528,3141.713510134216
2025-05-28,2682.2128400301,2025-06-27,-0.0963182311514476,0.15080594542937403,2423.8668437067,3086.7064832136452
2025-05-29,2632.6548758292,2025-06-28,-0.0742768796319,0.1651480103917597,2437.1094865049,3067.4325906205577
2025-05-30,2529.9436479287,2025-06-29,-0.0114562285083026,0.050404876545905565,2500.9600353849,2657.465145170644
2025-06-02,2607.0974987606,2025-07-02,-0.0137171715951172,0.10056094243837516,2571.3354950049,2869.2696802646965
2025-06-03,2593.2802593803,2025-07-03,-0.0008764904899801,0.11240577391989293,2591.0072738951,2884.7799339271232
2025-06-04,2608.6430329852,2025-07-04,-0.0383819598872147,0.13505650356384286,2508.5182007331,2960.9572400663596
2025-06-05,2416.2855921517,2025-07-05,0.0417973890561358,0.08017523346615307,2517.2800211176,2610.0118536233645
2025-06-06,2477.1948101373,2025-07-06,0.0379629683842215,0.08197159377477414,2571.2364783961,2680.2544168148534
2025-06-09,2681.5171951808,2025-07-09,0.0332872894882485,0.6054079640820328,2770.7776343245,4304.929060966172
2025-06-10,2813.5174722242,2025-07-10,0.0502316929193529,0.5392041188220144,2954.8452179122,4330.577681625191
2025-06-11,2773.5293199848,2025-07-11,0.066470138665601,0.53091117167752,2957.8861984773,4246.027020939885
2025-06-12,2651.7952388213,2025-07-12,0.1097808834731142,0.20921878577556333,2942.9116629289,3206.600618812912
2025-06-13,2579.486038699,2025-07-13,0.1526943522908754,0.08836609518496721,2973.3589886215,2807.42514752297
2025-06-16,2540.6050663562,2025-07-16,0.3270487284672307,0.0733007624428678,3371.5067228454,2726.8333547863226
2025-06-17,2510.7614921028,2025-07-17,0.384752955866446,0.055653101266609134,3476.784397665,2650.4931556790993
2025-06-18,2524.3015307665,2025-07-18,0.405939901145822,0.05786981136184399,3549.0162446281,2670.3823841723715
2025-06-20,2407.3042762144,2025-07-20,0.5616935004580088,0.0588700786455685,3759.4714417888,2549.022468278955
2025-06-23,2421.8248913869,2025-07-23,0.4987473088887888,0.05969701110623438,3629.703538566,2566.400598825379
2025-06-24,2448.0088600947,2025-07-24,0.5147027308303769,0.0421586862284787,3708.0057054824,2551.2136975119683
2025-06-25,2419.3102483686,2025-07-25,0.5406320445381023,0.05778835527347451,3727.2668943161,2559.1182085180826
2025-06-26,2416.146699528,2025-07-26,0.5484970777638172,0.05118424393829705,3741.3961036678,2539.8153415873526
2025-06-27,2423.8668437067,2025-07-27,0.5987868645526653,0.052246237283021794,3875.246471143,2550.504765965449
2025-06-30,2486.4643327619,2025-07-30,0.5315730164231025,0.02200798327762236,3808.2016783566,2541.1863982177283
2025-07-01,2405.7928401072,2025-07-31,0.5365860766295978,0.01232373463325199,3696.7077813639,2435.441192651259
2025-07-02,2571.3354950049,2025-08-01,0.3566358564693062,0.18483093538842973,3488.3659315359,3046.5978397441268
2025-07-03,2591.0072738951,2025-08-02,0.3094294657457066,0.15000717659131338,3392.7412703997,2979.6769595796595
2025-07-07,2543.0132490453,2025-08-06,0.4486438986389554,0.1026328939058323,3683.9206273875,2804.0100580356925
2025-07-08,2615.5057588635,2025-08-07,0.4965847135862811,0.12521071435599548,3914.325937012,2942.995103333019
2025-07-09,2770.7776343245,2025-08-08,0.4471926380389881,0.13010250724494768,4009.8489940375,3131.2627515683425
2025-07-10,2954.8452179122,2025-08-09,0.4429178587189835,0.24474855144896202,4263.5989346759,3678.0393047521034
2025-07-11,2957.8861984773,2025-08-10,0.438262769833553,0.19589414287680082,4254.2175966744,3537.318780055129
2025-07-14,3013.3508592513,2025-08-13,0.578400955574071,0.2221982688510234,4756.2758757222,3682.9122036176823
2025-07-15,3139.8897178037,2025-08-14,0.4485115831564827,0.1763383191610942,4548.1666260726,3693.5725929924065
2025-07-16,3371.5067228454,2025-08-15,0.3169152542505238,0.29270065590602407,4439.9886331233,4358.348952013818
2025-07-17,3476.784397665,2025-08-16,0.2730672383099199,0.3399208991483068,4426.1803113344,4658.616076264091
2025-07-18,3549.0162446281,2025-08-17,0.260425776508344,0.37309727854360075,4473.2715559761,4873.144547005874
2025-07-21,3763.3712526998,2025-08-20,0.1517599784973586,0.2687950524502012,4334.5003930871,4774.946825958822
2025-07-22,3749.1454360316,2025-08-21,0.1264459929156784,0.27052243716849284,4223.2098532759,4763.373396686001
2025-07-23,3629.703538566,2025-08-22,0.3310587687624864,0.15880870024440077,4831.3487230165,4206.132039798169
2025-07-24,3708.0057054824,2025-08-23,0.2880482750422426,0.1300743622765271,4776.0903527934,4190.322182940747
2025-07-25,3727.2668943161,2025-08-24,0.2823464128377628,0.15446763583600673,4779.6473316152,4303.008999610923
2025-07-28,3787.4256976649,2025-08-27,0.1890379384603169,0.12486503141174697,4503.3928436231,4260.342726373486
2025-07-29,3793.4549246853,2025-08-28,0.188145836870438,0.13584998050561947,4507.1776761205,4308.795702252744
2025-07-30,3808.2016783566,2025-08-29,0.1449375254336555,0.15817671702266037,4360.1530059699,4410.5705175992325
2025-07-31,3696.7077813639,2025-08-30,0.1832564639578182,0.17867173601808534,4374.153377662,4357.204978211753
2025-08-01,3488.3659315359,2025-08-31,0.2584743735038166,0.14740983792682363,4390.0191302417,4002.58538813306
2025-08-04,3718.9860330916,2025-09-03,0.1966672956391781,0.14785997369366743,4450.3889587396,4268.875210111641
2025-08-05,3611.8993035851,2025-09-04,0.1901617019451378,0.11894847838130457,4298.7442224093,4041.529229813041
2025-08-06,3683.9206273875,2025-09-05,0.169131848168009,0.0958537799401715,4306.9889316018,4037.03834452216
2025-08-07,3914.325937012,2025-09-06,0.0919484303766851,0.20735542856881903,4274.242062903,4725.982669239167
2025-08-08,4009.8489940375,2025-09-07,0.0736932175629547,0.15797979990142422,4305.3476683497,4643.324135750471
2025-08-11,4226.9670252014,2025-09-10,0.0289046787293254,0.13949742142641192,4349.1461490643,4816.618025671467
2025-08-12,4590.9250193365,2025-09-11,-0.0282495763130636,0.43263421359486587,4461.2333326552,6577.116254750141
2025-08-13,4756.2758757222,2025-09-12,-0.0086264057905324,0.41634303152698743,4715.2463099665,6736.518192599057
2025-08-14,4548.1666260726,2025-09-13,0.0263871531036303,0.28159229647842327,4668.1797951756,5828.895311074905
2025-08-15,4439.9886331233,2025-09-14,0.0382003183615784,0.1824895016354078,4609.5976124304,5250.239946048847
2025-08-18,4312.5050093174,2025-09-17,0.0649804138575957,0.28800776294353514,4592.7333695858,5554.539929733694
2025-08-19,4073.4642014243,2025-09-18,0.1267851686761405,0.0769024747792282,4589.9190472981,4386.723679438421
2025-08-20,4334.5003930871,2025-09-19,0.031472297468023,0.29741385503758183,4470.9170788336,5623.640864657048
2025-08-21,4223.2098532759,2025-09-20,0.0613409604174306,0.11149227638443093,4482.2656017202,4694.065133466789
2025-08-22,4831.3487230165,2025-09-21,-0.0786570733121352,0.10004886457284073,4451.3289723137,5314.719677109745
2025-08-25,4372.9877668349,2025-09-24,-0.0501987710604058,0.12661708208723416,4153.4691550776,4926.682717874705
2025-08-26,4600.4267415471,2025-09-25,-0.1591358197402577,0.23809935711494143,3868.334060876,5695.78539116385
2025-08-27,4503.3928436231,2025-09-26,-0.1038117335152088,0.10160934376235234,4035.8878258266,4960.979635167717
2025-08-28,4507.1776761205,2025-09-27,-0.1083869940054786,0.09788070144415686,4018.6582363572,4948.34338859262
2025-08-29,4360.1530059699,2025-09-28,-0.0501534014068747,0.07623824351181328,4141.4765020661,4692.563412587797
2025-09-02,4325.3658398186,2025-10-02,0.0375825324149501,0.008227301359268135,4487.9240417001,4360.951928071871
2025-09-03,4450.3889587396,2025-10-03,0.0144889574334334,0.021417333130261004,4514.870454925,4545.704421628161
2025-09-04,4298.7442224093,2025-10-04,0.0443043359858841,0.024873909314823275,4489.1972307563,4405.67079636513
2025-09-05,4306.9889316018,2025-10-05,0.0483943775632556,0.021463788948643613,4515.4229801185,4399.433233033845
2025-09-08,4308.0723177354,2025-10-08,0.0509684703609669,0.11096547229975966,4527.6481739748,4786.119597174429
2025-09-09,4309.0415754543,2025-10-09,0.0139479225274274,0.04909051564363655,4369.1437535162,4520.57464832322
2025-09-10,4349.1461490643,2025-10-10,-0.1163762580117693,0.1359968434467054,3843.0087946899,4940.616297025439
2025-09-11,4461.2333326552,2025-10-11,-0.1592881942783875,0.05680487588071231,3750.611530842,4714.653138391574
2025-09-12,4715.2463099665,2025-10-12,-0.1168164691732537,0.16419688645847488,4164.427884754,5489.475072947812
2025-09-15,4526.8202452582,2025-10-15,-0.1191478019173999,0.24781645952650588,3987.4595633605,5648.640811350997
2025-09-16,4503.5646113406,2025-10-16,-0.1351840760805854,0.130311632843666,3894.7543902873,5090.431469461344
2025-09-17,4592.7333695858,2025-10-17,-0.165516778218862,0.2532488340233975,3832.5589390337,5755.837740413754
2025-09-18,4589.9190472981,2025-10-18,-0.1524150763518825,0.21926845003700413,3890.3461852552,5596.343482594477
2025-09-19,4470.9170788336,2025-10-19,-0.1087623453712454,0.1517804786217167,3984.6496513793,5149.515012936971
2025-09-22,4202.877304239,2025-10-22,-0.0939249418210834,0.08074746421192454,3808.1222979572,4542.248988950149
2025-09-23,4165.5039099082,2025-10-23,-0.0742953588853119,0.0734896947201284,3856.0263019834,4471.6255206028545
2025-09-24,4153.4691550776,2025-10-24,-0.0527033766923953,0.060893251342074045,3934.5673056173,4406.387396279292
2025-09-25,3868.334060876,2025-10-25,0.0220086971591901,-0.0235490714936545,3953.4710537324,3777.2383855150924
2025-09-26,4035.8878258266,2025-10-26,0.0302539497748284,0.04001212637054776,4157.989373406,4197.372279530929
2025-09-29,4217.3415851884,2025-10-29,-0.0744517786811365,0.04744325709195944,3903.3530028652,4417.426006259105
2025-09-30,4145.957727202,2025-10-30,-0.0823893069020086,0.046540088544473925,3804.3751436128,4338.910966927627
2025-10-01,4351.1123940134,2025-10-31,-0.1158398160709861,0.06373498940906187,3847.0803345867,4628.430496363482
2025-10-02,4487.9240417001,2025-11-01,-0.136752751054117,0.18852333815110003,3874.1880824757,5334.00246340998
2025-10-03,4514.870454925,2025-11-02,-0.1337374205629405,0.1833785702855086,3911.0633261075,5342.80094397343
2025-10-06,4687.7714716055,2025-11-05,-0.2693391197619272,0.1610781307276654,3425.1712297982,5442.868937530191
2025-10-07,4451.1516686731,2025-11-06,-0.255864985158528,0.09354044879533988,3312.2578130297,4867.514393416908
2025-10-08,4527.6481739748,2025-11-07,-0.2412614665293734,0.10441032054364201,3435.3011355926,5000.381371128344
2025-10-09,4369.1437535162,2025-11-08,-0.2217294389623494,0.03808280333491633,3400.3759603032,4535.532995823336
2025-10-10,3843.0087946899,2025-11-09,-0.0677561316403416,-0.0351393283991455,3582.6213849019,3707.9680466124873
2025-10-13,4245.4679886523,2025-11-12,-0.196061720778404,0.07473498064628917,3413.0942292875,4562.7529566186695
2025-10-14,4125.4121155962,2025-11-13,-0.2163795996587348,0.04569785301921001,3232.7570935962,4313.934592098383
2025-10-15,3987.4595633605,2025-11-14,-0.2216132693822401,0.12210842528252662,3103.7856129947,4474.361971520202
2025-10-16,3894.7543902873,2025-11-15,-0.1869496665255415,0.02199776447798163,3166.6313558242,3980.430280064425
2025-10-17,3832.5589390337,2025-11-16,-0.193007185851603,0.027527801641344947,3092.8475236004,3938.060861286183
2025-10-20,3980.7602219484,2025-11-19,-0.2405795317795993,0.021407335335076196,3023.0707916252,4065.9776909081816
2025-10-21,3876.7642814578,2025-11-20,-0.2695512620693946,-0.008198856382678067,2831.7775766453,3844.979247884631
2025-10-22,3808.1222979572,2025-11-21,-0.2737367750072756,-0.009712009888540136,2765.6991812811,3771.137776542669
2025-10-23,3856.0263019834,2025-11-22,-0.2822644067866593,-0.004728658231532134,2767.6073253003,3837.792471469522
2025-10-24,3934.5673056173,2025-11-23,-0.2879328837963947,-0.0012968780375371778,2801.6759948199,3929.464651691433
2025-10-27,4120.121880126,2025-11-26,-0.2651159310579656,0.06691244983632019,3027.8119318041,4395.809328749457
2025-10-28,3982.2623442913,2025-11-27,-0.2430076002202008,0.004271601419039123,3014.5423285578,3999.272981772161
2025-10-29,3903.3530028652,2025-11-28,-0.2231539093559356,-0.001715391316057238,3032.3045206796,3896.657225020579
2025-10-30,3804.3751436128,2025-11-29,-0.2136198191945483,0.019598626180385784,2991.685213286,3878.935669902419
2025-10-31,3847.0803345867,2025-11-30,-0.2222381139078685,0.09894913099259127,2992.1124569761,4227.74559055274
2025-11-03,3602.3080883088,2025-12-03,-0.1140203173008811,-0.019903740077035822,3191.5717770643,3530.608684441698
2025-11-04,3292.5744588128,2025-12-04,-0.0480651386745444,-0.04605636600156895,3134.3164108537,3140.9304444503
2025-11-05,3425.1712297982,2025-12-05,-0.1169980530570466,-0.017446980146129765,3024.4328645248,3365.4123353548157
2025-11-06,3312.2578130297,2025-12-06,-0.0821342943973488,-0.0276790752320715,3040.2078546944,3220.5775798348345
2025-11-07,3435.3011355926,2025-12-07,-0.1088694430051425,-0.020449047579438388,3061.3018144057,3365.052499221168
2025-11-10,3568.4599460325,2025-12-10,-0.0681161569824682,-0.012803651297492374,3325.3901681629,3522.770629214431
2025-11-11,3415.2822903551,2025-12-11,-0.0521846959993954,-0.01568098799507698,3237.0568222808,3361.7272897602425
2025-11-12,3413.0942292875,2025-12-12,-0.0963704800082135,-0.01709424653099093,3084.1727000978,3354.749955098557
2025-11-13,3232.7570935962,2025-12-13,-0.0359017629386406,-0.013509668131594994,3116.6954147837,3189.0836181116556
2025-11-14,3103.7856129947,2025-12-14,-0.0139155537168776,-0.038546547724704644,3060.5947175714,2984.145392736148
2025-11-17,3024.5389330162,2025-12-17,-0.0638561205765658,-0.01542330309564225,2831.403610221,2977.8905523277213
2025-11-18,3122.9790752804,2025-12-18,-0.0947524998353156,-0.0024554720214831007,2827.0690009642,3115.310687537372
2025-11-19,3023.0707916252,2025-12-19,-0.0149186257945531,-0.015462951469521362,2977.9707297345,2976.325194685372
2025-11-20,2831.7775766453,2025-12-20,0.0514888421635606,-0.06887288207808787,2977.5825253315,2636.744893537635
2025-11-21,2765.6991812811,2025-12-21,0.0853001516538114,-0.07234724362645871,3001.6137408732,2565.608468815459
2025-11-24,2952.7134512271,2025-12-24,-0.0024123510194122,-0.0048769811558260195,2945.590469923,2938.3131233669114
2025-11-25,2957.9362397882,2025-12-25,-0.0183765646194565,-0.0002959117080410071,2903.5795333375,2957.060951823208
2025-11-26,3027.8119318041,2025-12-26,-0.0337095704944542,-0.0029981076948100926,2925.745692045,3018.73422555292
2025-11-28,3032.3045206796,2025-12-28,-0.0276148001803371,-0.02048755511673711,2948.5680372551,2970.1800146814453
2025-12-01,2800.1890230909,2025-12-31,0.0595847475419462,-0.014838472403417192,2967.0375791015,2758.6384955474136
2025-12-02,2997.9397057398,2026-01-01,0.0008187496096403,0.014212076214260941,3000.3942677036,3040.5466533235335
2025-12-03,3191.5717770643,2026-01-02,-0.0210395138452332,0.12885283173753612,3124.4226584727,3602.8148382326353
2025-12-04,3134.3164108537,2026-01-03,-0.002679640107398,0.11772672736497891,3125.9175708899,3503.3092244298527
2025-12-05,3024.4328645248,2026-01-04,0.0384460557404271,-0.006658498297778695,3140.7103790175,3004.294683444616
2025-12-08,3125.1981016897,2026-01-07,0.0133258509033342,0.11026324851693652,3166.8440256362,3469.79259664097
2025-12-09,3321.1149968371,2026-01-08,-0.0652589400867803,0.12286028933625522,3104.3825522372,3729.1481462674824
2025-12-10,3325.3901681629,2026-01-09,-0.072876590249974,0.11899953537840723,3083.0470714564,3721.1100531262086
2025-12-11,3237.0568222808,2026-01-10,-0.0477781993985287,0.114243144683654,3082.3960759615,3606.868373177835
2025-12-12,3084.1727000978,2026-01-11,0.0112550432242655,0.02606071943103465,3118.8851971485,3164.5484595119055
2025-12-15,2964.1831013269,2026-01-14,0.131752856966318,0.016309342556002818,3354.722693498,3012.5269789251556
2025-12-16,2964.1810269898,2026-01-15,0.1190616488585378,0.02316055050084325,3317.1013075784,3032.8330913590385
2025-12-17,2831.403610221,2026-01-16,0.16390407697883,0.007040473645016516,3295.4822055088,2851.3380327171653
2025-12-18,2827.0690009642,2026-01-17,0.1704221356799495,-0.00489671833182605,3308.8641378231,2813.225640361841
2025-12-19,2977.9707297345,2026-01-18,0.1018098908890654,0.009472155386381253,3281.1576047996,3006.1785312226402
2025-12-22,3006.0737442684,2026-01-21,-0.0090392248195869,0.04052703786310238,2978.9011678697,3127.9010087216434
2025-12-23,2963.3741143834,2026-01-22,-0.0046368593322072,0.006661753650264794,2949.6333654663,2983.115382706994
2025-12-24,2945.590469923,2026-01-23,0.0026025106939935,0.022298575313299623,2953.2564006211,3011.2729408587156
2025-12-26,2925.745692045,2026-01-25,-0.0375437341631093,0.021061439624065727,2815.902273554,2987.3661082933763
2025-12-29,2934.538353373,2026-01-28,0.0245589260859933,0.028251016314862418,3006.60746389,3017.44204427073
2025-12-30,2971.4166717354,2026-01-29,-0.0515524900590047,0.0369265281890716,2818.2327433046,3081.140773225715
2025-12-31,2967.0375791015,2026-01-30,-0.0892008715705066,0.029780606276173294,2702.3752410632,3055.3977570513325
2026-01-02,3124.4226584727,2026-02-01,-0.2741171190663939,0.25248178675883076,2267.9649205864,3913.282473873663
2026-01-05,3226.1303174393,2026-02-04,-0.3355804413556117,0.16309581897300693,2143.5040816423,3752.2986836757095
2026-01-06,3295.9466929416,2026-02-05,-0.447295959680141,0.14194678522853846,1821.6830538677,3763.795730289293
2026-01-07,3166.8440256362,2026-02-06,-0.348440606821999,0.22529275533478563,2063.3869716329,3880.3110418872843
2026-01-08,3104.3825522372,2026-02-07,-0.3265812933422372,0.13127622937247366,2090.5492832985,3511.914188224596
2026-01-09,3083.0470714564,2026-02-08,-0.3225005060590302,0.08621044302373776,2088.7628307079,3348.8379253496937
2026-01-12,3092.3252908757,2026-02-11,-0.3724394407340162,0.07647139267483173,1940.6213889743,3328.799712472569
2026-01-13,3322.0954534128,2026-02-12,-0.4139419778462412,0.28590790056688925,1946.9406908331,4271.908789980862
2026-01-14,3354.722693498,2026-02-13,-0.3893601870267011,0.18713957133814052,2048.5272381349,3982.524060317548
2026-01-15,3317.1013075784,2026-02-14,-0.3711347140537109,0.16358694924889777,2086.0098623031,3859.73579083468
2026-01-16,3295.4822055088,2026-02-15,-0.4034126699446837,0.1849013592203578,1966.0429302293,3904.8213445938795
2026-01-20,2935.6057352647,2026-02-19,-0.3363546569431834,0.04257540855762405,1948.2010752593,3060.590348807699
2026-01-21,2978.9011678697,2026-02-20,-0.3390105193404231,0.054932654698095905,1969.0223358864,3142.540117104041
2026-01-22,2949.6333654663,2026-02-21,-0.3308533928978739,0.04217323468295067,1973.737158697,3074.0289456167716
2026-01-23,2953.2564006211,2026-02-22,-0.3370687827466815,0.04581262135972234,1957.8058605249,3088.552817880931
2026-01-26,2926.4570308135,2026-02-25,-0.2979128632158142,-0.0016737173727648358,2054.6278376858,2921.5589688403775
2026-01-27,3022.2108646502,2026-02-26,-0.3293675719546501,0.045974249080880845,2026.7926102254,3161.1547397165723
2026-01-28,3006.60746389,2026-02-27,-0.3578271086121606,0.040290075713345926,1930.7618083545,3127.743906250439
2026-01-29,2818.2327433046,2026-02-28,-0.3027366083789717,0.0013930627437652248,1965.050520974,2822.1587183425568
2026-01-30,2702.3752410632,2026-03-01,-0.2824584192744418,-0.008179314004582834,1939.0666021861,2680.271665408334
2026-02-02,2344.3566038518,2026-03-04,-0.0929258423475201,-0.023475530438796962,2126.5052916759,2289.3215890386828
2026-02-03,2227.5589163061,2026-03-05,-0.0700108712660283,-0.050625349825244775,2071.6055757791,2114.7879669117606
2026-02-04,2143.5040816423,2026-03-06,-0.0768614525890571,-0.06034526184264377,1978.7512442967,2014.1537665748199
2026-02-05,1821.6830538677,2026-03-07,0.0811185811294987,0.24111121724949208,1969.4553984651,2260.9112724285133
2026-02-06,2063.3869716329,2026-03-08,-0.061443747737279,0.03110965064754069,1936.6047430635,2127.578219471087
2026-02-09,2103.5677051558,2026-03-11,-0.0247172832481989,0.00868034020466409,2051.5732263557,2121.827388480097
2026-02-10,2019.4974953874,2026-03-12,0.0265604752829418,0.016348421161744807,2073.1363086976,2052.513090977082
2026-02-11,1940.6213889743,2026-03-13,0.0782955830842448,0.022618998818419594,2092.5634721698,1984.5163018785095
2026-02-12,1946.9406908331,2026-03-14,0.0771188708854568,0.0213569607616357,2097.0865585911,1988.5214267724546
2026-02-13,2048.5272381349,2026-03-15,0.0629472503346368,0.0368145000994674,2177.4763950111,2123.9427443469785
2026-02-17,1992.1942788934,2026-03-19,0.0728993410477869,0.04595095772329759,2137.4239290639,2083.737513979426
2026-02-18,1953.974080864,2026-03-20,0.098528985254283,0.04049876428664815,2146.4971642647,2033.107616587131
2026-02-19,1948.2010752593,2026-03-21,0.0659525322613316,0.050192923006141636,2076.6898695269,2045.9869818302723
2026-02-20,1969.0223358864,2026-03-22,0.0426739788965744,0.05360765481927155,2053.0483534949,2074.577005600034
2026-02-23,1855.5028072269,2026-03-25,0.1684280270795535,0.05251218659748345,2168.0214842887,1952.939316872153
2026-02-24,1852.9695223649,2026-03-26,0.1115015170731519,0.05204933685435381,2059.5784351989,1949.4153572153218
2026-02-25,2054.6278376858,2026-03-27,-0.0308356786915044,0.17958256716798948,1991.2719938523,2423.6031793522307
2026-02-26,2026.7926102254,2026-03-28,-0.0168236427629899,0.023972138985269537,1992.6945753963,2075.3791643720406
2026-02-27,1930.7618083545,2026-03-29,0.0268276646547844,-0.03738245400062108,1982.5596386773,1858.5851938675319
2026-03-02,2027.2689230466,2026-04-01,0.0549844280938733,0.13676604833182174,2138.7371453728,2304.5304825575918
2026-03-03,1982.768980449,2026-04-02,0.0373636814527043,0.05180114585755375,2056.8525290288,2085.478685607072
2026-03-04,2126.5052916759,2026-04-03,-0.0343850610003768,0.2133028454406812,2053.385277504,2580.094921235035
2026-03-05,2071.6055757791,2026-04-04,-0.0030188838249521,0.19019944667299776,2065.3516392147,2465.6238100169817
2026-03-06,1978.7512442967,2026-04-05,0.0658214399406189,0.005239599012521232,2108.9955004806,1989.119107362342
2026-03-09,1992.9382333263,2026-04-08,0.0990483577700425,0.004577345066267828,2190.3354924744,2002.0605993159927
2026-03-10,2037.120508335,2026-04-09,0.0746267235845823,0.10893632266278558,2189.144137419,2259.0369253339595
2026-03-11,2051.5732263557,2026-04-10,0.0943546790769718,0.09615183424877537,2245.1487597314,2248.8357551654785
2026-03-12,2073.1363086976,2026-04-11,0.1023829418319548,0.11568609747752177,2285.3901028007,2312.96935778978
2026-03-13,2092.5634721698,2026-04-12,0.0476151346815705,0.12325660116352637,2192.2011637269,2350.485733468397
2026-03-16,2351.1760998079,2026-04-15,0.0035135167976891,0.14741788064297356,2359.4369965289,2697.781497459993
2026-03-17,2318.053425208,2026-04-16,0.0131971056221253,0.13885216466926972,2348.6450210982,2639.920161117146
2026-03-18,2203.6716850377,2026-04-17,0.0986535933117371,0.11395359056448467,2421.071815246,2454.787985973034
2026-03-19,2137.4239290639,2026-04-18,0.0999692182638196,0.0856199313694654,2351.1005283508,2320.430019177804
2026-03-20,2146.4971642647,2026-04-19,0.055168892368635,0.09482248204472835,2264.9170352896,2350.03335308225
2026-03-23,2152.1459822005,2026-04-22,0.1040552883194876,0.13943684288174932,2376.088152884,2452.234423379179
2026-03-24,2155.7043086641,2026-04-23,0.0815555716020024,0.11219769294218196,2331.5140057621,2397.5693587617334
2026-03-25,2168.0214842887,2026-04-24,0.0681122049009343,0.08883780648848968,2315.6902078562,2360.623757372827
2026-03-26,2059.5784351989,2026-04-25,0.125875547682098,0.08531238018330088,2318.8289987238,2235.2859736799164
2026-03-27,1991.2719938523,2026-04-26,0.1900579102056969,0.04546197229545305,2369.728987655,2081.799146069525
2026-03-30,2023.514865447,2026-04-29,0.1136146303845979,0.05724571136571941,2253.4157589625,2139.3524133786213
2026-03-31,2104.7082156245,2026-04-30,0.0720019545281407,0.11810936403856949,2256.2513208609,2353.2939644586622
2026-04-01,2138.7371453728,2026-05-01,0.0731069494767882,0.09901368743495799,2295.0936938037,2350.501396590277
2026-04-02,2056.8525290288,2026-05-02,0.1261049748502258,0.05867114472381619,2316.2318654726,2177.530421434996
2026-04-06,2107.7615709292,2026-05-06,0.1153073256733474,0.07016251867358063,2350.8019208301,2255.6474315089754
2026-04-07,2241.8066430124,2026-05-07,0.021991616180623,0.1453206224664743,2291.1075942567,2567.587379824439
2026-04-08,2190.3354924744,2026-05-08,0.0532506372500665,0.13756842572203573,2306.9722532401,2491.656497977203
2026-04-09,2189.144137419,2026-05-09,0.0628478789397168,0.14221971473190764,2326.7272031491,2500.4835921497584
2026-04-10,2245.1487597314,2026-05-10,0.0551834755693527,0.15280340993294947,2369.0438714636,2588.21514602509
2026-04-13,2370.7148127946,2026-05-13,-0.0477233262491968,0.16604728811632014,2257.5764163398,2764.365578356333
2026-04-14,2323.3085365492,2026-05-14,-0.0182385703800399,0.1457485341933256,2280.9347102908,2661.9273502300866
2026-04-15,2359.4369965289,2026-05-15,-0.057686667759358,0.14610293876504893,2223.328938411,2704.157675552753
2026-04-16,2348.6450210982,2026-05-16,-0.0719108761661339,0.16736662101814231,2179.7518998278,2741.7298022504892
2026-04-17,2421.071815246,2026-05-17,-0.1211969340087856,0.1601229184643464,2127.6453342231,2808.7409001149626
2026-04-20,2315.2123791478,2026-05-20,-0.0813009363618663,0.1522567544343076,2126.9834448465,2667.719101822976
2026-04-21,2327.9704245944,2026-05-21,-0.0844339801958379,0.15261890721815882,2131.4106158677,2683.2627268321903
2026-04-22,2376.088152884,2026-05-22,-0.1310773178445308,0.17036540656852475,2064.6368908418,2780.8913770927375
2026-04-23,2331.5140057621,2026-05-23,-0.0924560324783634,0.13551084246694814,2115.9514711216,2647.4594329064116
2026-04-24,2315.6902078562,2026-05-24,-0.0940092253333562,0.0937419382651084,2097.9939653036,2532.7674963621716
2026-04-27,2303.0639626176,2026-05-27,-0.1219530953200168,0.10971293978565749,2022.1981836564,2555.7398804707823
2026-04-28,2289.4197528449,2026-05-28,-0.1231172204231416,0.08758494863812094,2007.5527564928,2489.93846430892
2026-04-29,2253.4157589625,2026-05-29,-0.1071428032177075,0.11571232442009292,2011.9784777323,2514.1637343169186
2026-04-30,2256.2513208609,2026-05-30,-0.1049497802482608,0.08184903545740972,2019.4582405517,2440.923315222871
2026-05-01,2295.0936938037,2026-05-31,-0.1266842326395533,0.0824826103432557,2004.3415103683,2484.399012650974
2026-05-04,2346.3968872789,2026-06-03,-0.2278662167609874,0.12214374223339983,1811.7323055549,2632.9945838559456
2026-05-05,2361.1826077386,2026-06-04,-0.2505532694649148,0.1122134914317022,1769.580585566,2626.1391520607594
2026-05-06,2350.8019208301,2026-06-05,-0.3275227546385206,0.11018625598345037,1580.8608001103,2609.827983045072
2026-05-07,2291.1075942567,2026-06-06,-0.3152797854413063,0.10323102648922627,1568.7676835165,2527.6209830090806
2026-05-08,2306.9722532401,2026-06-07,-0.2690002249098628,0.1016854606138412,1686.3961982577,2541.5577894341704
2026-05-11,2339.3608100364,2026-06-10,-0.3074442897145947,0.13370995212617243,1620.1376874086,2652.156631952211
2026-05-12,2274.6435218125,2026-06-11,-0.2648163737472675,0.04941187979410623,1672.2806727984,2387.0379340867416
2026-05-13,2257.5764163398,2026-06-12,-0.2624268464869661,0.04102193392040549,1665.1277566964,2350.1865669111567
2026-05-14,2280.9347102908,2026-06-13,-0.2633657568704862,0.03816870787064071,1680.2146139429,2367.995040919894
2026-05-15,2223.328938411,2026-06-14,-0.2243103387668893,0.02682143005987623,1724.6132710458,2282.961800032689
2026-05-18,2128.5161006052,2026-06-17,-0.1788244112954914,0.015087754753538357,1747.8854619815,2160.630629520089
2026-05-19,2109.9638041454,2026-06-18,-0.1897806674649503,0.02366281006727724,1709.5334650678,2159.8914768917225
2026-05-20,2126.9834448465,2026-06-19,-0.1955826235393297,0.016603392346785286,1710.9824424787,2162.298585496403
2026-05-21,2131.4106158677,2026-06-20,-0.1839670153200263,0.012399964307124417,1739.3013664451,2157.840031428286
2026-05-22,2064.6368908418,2026-06-21,-0.1743920982521516,0.002009488523451319,1704.5805313191,2068.785754979041
2026-05-26,2070.8580638781,2026-06-25,-0.2443631356843623,-0.005388690683916777,1564.8166938316,2059.698850321566
2026-05-27,2022.1981836564,2026-06-26,-0.2203454167784529,-0.0014804298540966496,1576.61608207,2019.204461094415
2026-05-28,2007.5527564928,2026-06-27,-0.217162145162666,-0.0003238611701098485,1571.5882933656,2006.902588108025
2026-05-29,2011.9784777323,2026-06-28,-0.2194940319774925,0.0008561415560122343,1570.3612094029,2013.701016116889
2026-06-01,2003.2211658636,2026-07-01,-0.1968132424451656,0.0034300968587424254,1608.9607128752,2010.092408491995
2026-06-02,1857.7163603981,2026-07-02,-0.0858833654645264,-0.0014389593359166687,1698.1694272886,1855.0431820978201
2026-06-03,1811.7323055549,2026-07-03,-0.0304756152539815,-0.001792908506689626,1756.5186488676,1808.4840352924261
2026-06-04,1769.580585566,2026-07-04,0.0053416193088355,-0.0044130021456237015,1779.0330113904,1761.7714226450432
2026-06-05,1580.8608001103,2026-07-05,0.1278703122367863,-0.09742522283391547,1783.0059642233,1426.8450843901524
2026-06-08,1690.1485904969,2026-07-08,0.0310795416933469,0.008803872458943499,1742.6776340832,1705.0284431242976
2026-06-09,1637.7066702116,2026-07-09,0.0651996707914754,-0.04664050708763066,1744.4846059624,1561.323200652136
2026-06-10,1620.1376874086,2026-07-10,0.1083584000172848,-0.06193847619097397,1795.6932150239,1519.7888278309429
2026-06-11,1672.2806727984,2026-07-11,0.0692580413534817,-0.019999367513479298,1788.0995567897,1638.8361170374164
2026-06-12,1665.1277566964,2026-07-12,0.0844741683078835,-0.0009575404101711011,1805.7880390697,1663.5333295812654
2026-06-15,1794.9611349635,2026-07-15,0.0679583554117346,-0.011448303571506608,1916.9437417236,1774.4118749913816
2026-06-16,1790.3982469274,2026-07-16,0.0406586201973375,-0.010820220524439183,1863.1933692512,1771.025743069076
2026-06-17,1747.8854619815,2026-07-17,0.0532658917358657,-0.010639519744195188,1840.9881397661,1729.2888000981561
2026-06-18,1709.5334650678,2026-07-18,0.0888304736152545,-0.01843503091756283,1861.3921324309,1678.0181627846669
2026-06-22,1726.5108642959,2026-07-22,0.1198829402525709,-0.005269721229111109,1933.4900630857,1717.412633342029
2026-06-23,1665.4367249085,2026-07-23,0.1270918954575886,-0.039473783352747344,1877.1002350418,1599.6956364417529
2026-06-24,1619.9249336997,2026-07-24,0.1483104712138703,-0.014839999507833296,1860.1767639478,1595.8852484808694
2026-06-25,1564.8166938316,2026-07-25,0.1970874153736435,0.0315547793101418,1873.2223715524,1614.194139266282
2026-06-26,1576.61608207,2026-07-26,0.2389897835275098,0.04027461809650996,1953.4112182299,1640.1136926601848
2026-06-29,1610.2058701702,2026-07-29,0.1852640058966921,0.004943827912725261,1908.5190599963,1618.1664508963813
2026-06-30,1569.5838638111,2026-07-30,0.2215804468994315,0.0007985620190171197,1917.3729578005,1570.8372738704018
2026-07-01,1608.9607128752,2026-07-31,0.1562407862886699,0.010304998422946262,1860.3459997624,1625.5410504839613
2026-07-02,1698.1694272886,2026-08-01,0.0855323038999189,0.08105761078426663,1843.417770817,1835.8189837715004
2026-07-06,1797.5737078637,2026-08-05,0.0606107540640337,0.21550519448508046,1906.526005783,2184.960179378134
2026-07-07,1768.5114222605,2026-08-06,0.0755132773331495,0.26298721438818295,1902.0575157565,2233.607314814473
2026-07-08,1742.6776340832,2026-08-07,0.0978963642138275,0.16242231026001147,1913.2794384567,2025.7273614494443
2026-07-09,1744.4846059624,2026-08-08,0.0980509146218779,0.16017212869220915,1915.5329171208,2023.9024187701873
2026-07-10,1795.6932150239,2026-08-09,0.0629225006005806,0.16912128599157325,1908.6827224247,2099.383160795084
2026-07-13,1773.5006928457,2026-08-12,0.0589987380929675,0.246153929484257,1878.1349957306,2210.0548573327214
2026-07-14,1889.4798019635,2026-08-13,-0.0029047584827827,0.17493285557499186,1883.9913194807,2220.011899272245
2026-07-15,1916.9437417236,2026-08-14,-0.0189331451055349,0.19346351688321947,1880.6499677024,2287.8024196647257
2026-07-16,1863.1933692512,2026-08-15,0.0095078442506046,0.20108198518717907,1880.9083216148,2237.84799072782
2026-07-17,1840.9881397661,2026-08-16,0.0179006523372209,0.2120024301888786,1873.943028413,2231.282099345416
2026-07-20,1903.7589213612,2026-08-19,0.1826381965921888,0.2150953684201002,2251.4580175049,2313.2486479344398
2026-07-21,1928.3837685853,2026-08-20,0.2063910215417759,0.16022794565325826,2326.3848645082,2237.3647382568106
2026-07-22,1933.4900630857,2026-08-21,0.3009023646508455,0.1998285247618613,2515.2817950971,2319.856530033833
2026-07-23,1877.1002350418,2026-08-22,0.2914873626286749,0.24688523956347191,2424.2512319438,2340.528576254744
2026-07-24,1860.1767639478,2026-08-23,0.324506355917872,0.12532703606052606,2463.8159469796,2093.3072043220386
