Date,Current_Close,Future_Date,Actual_Return,Predicted_Return,Actual_Future_Price,Predicted_Future_Price
2022-08-26,288.09,2023-08-28,-0.1710229442188204,1.046106973445892,238.82,589.4629579800269
2022-08-29,284.82,2023-08-29,-0.0970437469278842,1.766040786459418,257.18,787.8237367993714
2022-08-30,277.7,2023-08-30,-0.0749009722722362,0.6266720325462782,256.9,451.72682343810146
2022-08-31,275.61,2023-08-31,-0.0636043684917093,1.096372762455124,258.08,577.7812970602567
2022-09-01,277.16,2023-09-01,-0.1159979795064224,1.131822764171182,245.01,590.8559973176849
2022-09-02,270.21,2023-09-05,-0.0507753228970059,0.4254343061151198,256.49,385.1666038553665
2022-09-06,274.42,2023-09-06,-0.0819911085197873,0.4183687506637286,251.92,389.2287525571404
2022-09-07,283.7,2023-09-07,-0.1135354247444483,0.32797742080373,251.49,376.7471942820182
2022-09-08,289.26,2023-09-08,-0.1409112908801769,0.5959882228755198,248.5,461.65555334897283
2022-09-09,299.68,2023-09-11,-0.0870928990923652,0.5292915137920656,273.58,458.2980808532062
2022-09-12,304.42,2023-09-12,-0.121345509493463,0.785703220670764,267.48,543.603774436594
2022-09-13,292.13,2023-09-13,-0.0713038715640296,0.912394845387256,271.3,558.6679061829791
2022-09-14,302.61,2023-09-14,-0.0878027824592709,0.6511641647129189,276.04,499.6587878837764
2022-09-15,303.75,2023-09-15,-0.0966584362139918,0.48350567517470966,274.39,450.614848834318
2022-09-16,303.35,2023-09-18,-0.1254985989780782,0.3989295058032169,265.28,424.3652655854059
2022-09-19,309.07,2023-09-19,-0.1377357880091888,0.43147953293739155,266.5,442.4273792449596
2022-09-20,308.73,2023-09-20,-0.1494509765814791,0.5826366235535975,262.59,488.60740478970223
2022-09-21,300.8,2023-09-21,-0.1499335106382979,0.4865311700131687,255.7,447.1485759399612
2022-09-22,288.59,2023-09-22,-0.1514605495685921,0.3500580739014393,244.88,389.6132595472164
2022-09-23,275.33,2023-09-25,-0.1029310282206805,0.9073487737376655,246.99,525.1503378731915
2022-09-26,276.01,2023-09-26,-0.1155392920546356,1.569896892929272,244.12,709.3172414174082
2022-09-27,282.94,2023-09-27,-0.1499964656817699,0.7325847154266298,240.5,490.2175193828106
2022-09-28,287.81,2023-09-28,-0.1439491331086481,0.8874618025121276,246.38,543.2303813810154
2022-09-29,268.21,2023-09-29,-0.0670743074456582,0.6787822208005827,250.22,450.26617944092425
2022-09-30,265.25,2023-10-02,-0.0514608859566446,0.9736791133492407,251.6,523.5183848158862
2022-10-03,242.4,2023-10-03,0.0170379537953795,1.0433292944566377,246.53,495.30302097628896
2022-10-04,249.44,2023-10-04,0.0469852469531753,0.9493384456761705,261.16,486.242981889464
2022-10-05,240.81,2023-10-05,0.0798970142435946,0.9412238210663478,260.05,467.4661083509872
2022-10-06,238.13,2023-10-06,0.0940662663251163,0.9346709393049355,260.53,460.70319077668427
2022-10-07,223.07,2023-10-09,0.1640740574707491,1.062337529426718,259.67,460.04563268921794
2022-10-10,222.96,2023-10-10,0.1823645496950126,1.0356491642091774,263.62,453.86833765207814
2022-10-11,216.5,2023-10-11,0.2147344110854503,1.0491945418283106,262.99,443.65061830582925
2022-10-12,217.24,2023-10-12,0.1916313754373042,1.0733427299963556,258.87,450.4129746644083
2022-10-13,221.72,2023-10-13,0.1325996752661014,1.0351777760903906,251.12,451.2396165147614
2022-10-14,204.99,2023-10-16,0.2386945704668519,2.3977294956385466,253.92,696.5005693109457
2022-10-17,219.35,2023-10-17,0.1618418053339412,1.0436543388634465,254.85,448.27557922969703
2022-10-18,220.19,2023-10-18,0.1021390617194242,1.0181112729638273,242.68,444.36792119390515
2022-10-19,222.04,2023-10-19,-0.0086921275445864,0.9786876052842742,220.11,439.3477958773202
2022-10-20,207.28,2023-10-20,0.0227228869162485,1.0558012864018789,211.99,426.12649064538147
2022-10-21,214.44,2023-10-23,-0.0110054094385375,0.899774586896261,212.08,407.3876624140342
2022-10-24,211.25,2023-10-24,0.0249467455621301,0.995613249828343,216.52,421.57329902623746
2022-10-25,222.415,2023-10-25,-0.0449385158375109,0.8053730619487092,212.42,401.5420495733221
2022-10-26,224.64,2023-10-26,-0.084045584045584,0.7832288819091044,205.76,400.5845360320612
2022-10-27,225.09,2023-10-27,-0.0790350526456084,0.9738512928782571,207.3,444.2941875139669
2022-10-28,228.52,2023-10-30,-0.1363556800280062,0.924208671895852,197.36,439.7201657016401
2022-10-31,227.54,2023-10-31,-0.1173420058011778,1.0794009472347188,200.84,473.1468915337879
2022-11-01,227.82,2023-11-01,-0.0972697743832849,1.050053380848481,205.66,467.0431612249009
2022-11-02,214.98,2023-11-02,0.0164201321053121,1.1655828708056561,218.51,465.55700556579995
2022-11-03,215.31,2023-11-03,0.0215967674515815,1.161301939436539,219.96,465.34992058008123
2022-11-04,207.47,2023-11-06,0.0568756928712586,1.1689385442389486,219.27,449.9896797732547
2022-11-07,197.08,2023-11-07,0.1273594479399229,1.554111059000614,222.18,503.36420750784106
2022-11-08,191.3,2023-11-08,0.1610559330893883,1.5561411514022658,222.11,488.9898022632535
2022-11-09,177.59,2023-11-09,0.1823863956303846,1.5528065728115126,209.98,453.3529192655965
2022-11-10,190.72,2023-11-10,0.1254718959731544,1.1072947169999494,214.65,401.9032484262304
2022-11-11,195.97,2023-11-13,0.1415522784099607,1.1700344208635656,223.71,425.26164545663295
2022-11-14,190.95,2023-11-14,0.2433097669547002,1.6067306484600878,237.41,497.7552173234538
2022-11-15,194.42,2023-11-15,0.2490484518053699,1.7089991039605177,242.84,526.6836057920038
2022-11-16,186.92,2023-11-16,0.2496790070618446,1.5098387424123505,233.59,469.13905773171655
2022-11-17,183.17,2023-11-17,0.2791395970955943,1.5066626474170928,234.3,459.14539712738883
2022-11-18,180.19,2023-11-20,0.3075087407736279,1.531533291208754,235.6,456.15698374290537
2022-11-21,167.87,2023-11-21,0.4368261154464763,1.716767973466819,241.2,456.06383970587495
2022-11-22,169.91,2023-11-22,0.3784356423989172,1.552226294943016,234.21,433.6487697737678
2022-11-23,183.2,2023-11-24,0.285207423580786,1.364616088593979,235.45,433.19766743041697
2022-11-25,182.86,2023-11-27,0.2910423274636333,1.3481132821186756,236.08,429.37599476822106
2022-11-28,182.92,2023-11-28,0.3487863546905752,1.3717134122000687,246.72,433.8338173596365
2022-11-29,180.83,2023-11-29,0.3501078360891443,1.3766021418091383,244.14,429.7609653033465
2022-11-30,194.7,2023-11-30,0.2330765279917823,0.795242802721674,240.08,349.53377368990994
2022-12-01,194.7,2023-12-01,0.2266563944530046,0.9939103856838074,238.83,388.2143520926373
2022-12-02,194.86,2023-12-04,0.2089705429539157,1.0975004992324007,235.58,408.7189472804256
2022-12-05,182.45,2023-12-05,0.30841326390792,0.9268262812667043,238.72,351.5494550171102
2022-12-06,179.82,2023-12-06,0.3311644978311645,1.012447875369798,239.37,361.878376948997
2022-12-07,174.04,2023-12-07,0.3941622615490692,1.0452076245470392,242.64,355.9479349761667
2022-12-08,173.44,2023-12-08,0.4059040590405904,1.195179479639942,243.84,380.73192894875154
2022-12-09,179.05,2023-12-11,0.3389555989946942,1.4394440411160818,239.74,436.7824555618345
2022-12-12,167.82,2023-12-12,0.4122869741389583,1.6401475091939628,237.01,443.0695549929308
2022-12-13,160.95,2023-12-13,0.486735010872942,1.4548684848933888,239.29,395.1110826435909
2022-12-14,156.8,2023-12-14,0.6010841836734693,1.5605520460477778,251.05,401.49456082029155
2022-12-15,157.67,2023-12-15,0.607788418849496,1.8170779237052503,253.5,444.16867623060676
2022-12-16,150.23,2023-12-18,0.6779604606270386,1.5450309199298728,252.08,382.33999510106474
2022-12-19,149.87,2023-12-19,0.716287449122573,1.5288439442035484,257.22,378.9978419177858
2022-12-20,137.8,2023-12-20,0.7934687953555875,1.5482346723015787,247.14,351.14673784315755
2022-12-21,137.57,2023-12-21,0.8499672893799521,1.4732606699223725,254.5,340.24647036122076
2022-12-22,125.35,2023-12-22,1.0146788990825688,2.8740997859891597,252.54,485.61840817374116
2022-12-23,123.15,2023-12-26,1.0837190418189202,3.2242160283316523,256.61,520.2122038890429
2022-12-27,109.1,2023-12-27,1.3963336388634282,3.943341236339296,261.44,539.3185288846172
2022-12-28,112.71,2023-12-28,1.2462958033892293,3.2290223789713663,253.18,476.65311233386274
2022-12-29,121.82,2023-12-29,1.0397307502873092,2.7392000161051193,248.48,455.5093459619256
2022-12-30,123.18,2024-01-02,1.0167234940737129,2.606805597330349,248.42,444.2863134791524
2023-01-03,108.1,2024-01-03,1.205827937095282,3.3265617290596974,238.45,467.7013229113533
2023-01-04,113.64,2024-01-04,1.0937170010559665,2.7514834805044606,237.93,426.3185827245269
2023-01-05,110.34,2024-01-05,1.152347290193946,2.8036794838741335,237.49,419.6979942506719
2023-01-06,113.06,2024-01-08,1.1267468600742965,2.6251633521583844,240.45,409.8609685950269
2023-01-09,119.77,2024-01-09,0.961760040076814,1.7525020634626591,234.96,329.6671721409227
2023-01-10,118.85,2024-01-10,0.9683634833824148,2.410004714832045,233.94,405.2790603577885
2023-01-11,123.22,2024-01-11,0.8440188281123195,1.1792086622372302,227.22,268.5220913608715
2023-01-12,123.56,2024-01-12,0.7715280025898348,1.1788413636714927,218.89,269.21763889524965
2023-01-13,122.4,2024-01-16,0.7966503267973855,1.1813270173592674,219.91,266.99442692477436
2023-01-17,131.49,2024-01-17,0.6392881587953456,1.0472542415796,215.55,269.19346022530164
2023-01-18,128.78,2024-01-18,0.6452865351762695,1.0486131747811371,211.88,263.8204046483148
2023-01-19,127.17,2024-01-19,0.668553904222694,1.0482664424252879,212.19,260.47804348322387
2023-01-20,133.42,2024-01-22,0.5649827612052167,0.9256365339946849,208.8,256.91842636557084
2023-01-23,143.75,2024-01-23,0.454886956521739,0.8764663108352204,209.14,269.7420321825629
2023-01-24,143.89,2024-01-24,0.444367224963514,0.8466224861980375,207.83,265.71050953903557
2023-01-25,144.43,2024-01-25,0.2644879872602643,0.8239650926933074,182.63,263.4352783376944
2023-01-26,160.27,2024-01-26,0.1433830411181131,3.090269870454882,183.25,655.547552137804
2023-01-27,177.9,2024-01-29,0.0732433951658235,3.113003686040844,190.93,731.7033557466663
2023-01-30,166.66,2024-01-30,0.1495859834393376,2.839405809111248,191.59,639.8753721464806
2023-01-31,173.22,2024-01-31,0.0812261863526151,2.90060731626994,187.29,675.663199324279
2023-02-01,181.41,2024-02-01,0.0410671958546939,2.995168243159985,188.86,724.7634709916529
2023-02-02,188.27,2024-02-02,-0.0019121474478144,2.9618857340405365,187.91,745.9042271478119
2023-02-03,189.98,2024-02-05,-0.0469523107695546,2.637192996083665,181.06,690.9939253959747
2023-02-06,194.76,2024-02-06,-0.0495995070856438,2.6420197725489096,185.1,709.3197709016256
2023-02-07,196.81,2024-02-07,-0.0468980234744168,2.362895850625865,187.58,661.8515323616765
2023-02-08,201.29,2024-02-08,-0.0582741318495702,0.9425458483180023,189.56,391.01505380793066
2023-02-09,207.32,2024-02-09,-0.0663225930928034,0.95597772846449,193.57,405.51330266525804
2023-02-10,196.89,2024-02-12,-0.044491848240134,3.1383252232944514,188.13,814.7948532144445
2023-02-13,194.64,2024-02-13,-0.0545622688039456,3.0623654187328957,184.02,790.6988051021707
2023-02-14,209.25,2024-02-14,-0.0981600955794503,3.291183243830993,188.71,897.9300937716353
2023-02-15,214.24,2024-02-15,-0.0643670649738611,2.1504919581168127,200.45,674.961397106946
2023-02-16,202.04,2024-02-16,-0.0103444862403484,3.187763369684656,199.95,846.095711211088
2023-02-17,208.31,2024-02-20,-0.069847822956171,3.89985163314086,193.76,1020.6880936995727
2023-02-21,197.37,2024-02-21,-0.0131732279475097,2.80713745078846,194.77,751.4147186621184
2023-02-22,200.86,2024-02-22,-0.0171761425868764,2.825795689340092,197.41,768.4493221608509
2023-02-23,202.07,2024-02-23,-0.04998267926956,2.817203236632687,191.97,771.3422580263671
2023-02-24,196.88,2024-02-26,0.0127996749288907,1.4524104634594723,199.4,482.83057204590085
2023-02-27,207.63,2024-02-27,-0.0380484515725088,1.6888819337579022,199.73,558.2925559061532
2023-02-28,205.71,2024-02-28,-0.0178406494579749,1.6205859874392352,202.04,539.0807434761251
2023-03-01,202.77,2024-03-01,-0.0006411204813336,1.8162047803496977,202.64,571.0418433115083
2023-03-02,190.9,2024-03-04,-0.0144578313253013,2.898196108865925,188.14,744.1656371825052
2023-03-03,197.79,2024-03-04,-0.0487891197734972,2.6657420346328613,188.14,725.0471170300336
2023-03-06,193.81,2024-03-06,-0.0891078891698055,2.6007343300737658,176.54,697.8583205115965
2023-03-07,187.71,2024-03-07,-0.0482659421447978,2.6391979912508035,178.65,683.1138549376883
2023-03-08,182.0,2024-03-08,-0.0365934065934066,2.7547837182478023,175.34,683.3706367211
2023-03-09,172.92,2024-03-11,0.0280476520934538,2.6698206359845473,177.77,634.5853843744479
2023-03-10,173.44,2024-03-11,0.0249654059040591,2.9397337942470467,177.77,683.3074292742077
2023-03-13,174.48,2024-03-13,-0.0286565795506648,2.604684896974903,169.48,628.945420824181
2023-03-14,183.26,2024-03-14,-0.1132816763068863,2.0413054962670363,162.5,557.349645245897
2023-03-15,180.45,2024-03-15,-0.0935439179828206,0.8243973038762701,163.57,329.21249348447293
2023-03-16,184.13,2024-03-18,-0.0561016673002768,0.6827345893662901,173.8,309.841919940015
2023-03-17,180.13,2024-03-18,-0.0351412868483872,0.5223524547725902,173.8,274.22134767818665
2023-03-20,183.25,2024-03-20,-0.0414188267394269,0.406003752290401,175.66,257.65018760721597
2023-03-21,197.58,2024-03-21,-0.1253163275635186,0.5774858480037256,172.82,311.67965384857615
2023-03-22,191.15,2024-03-22,-0.1063039497776614,0.383193457087688,170.83,264.39742932231155
2023-03-23,192.22,2024-03-25,-0.1019144729996879,0.4212540111871204,172.63,273.19344603038826
2023-03-24,190.41,2024-03-25,-0.0933774486634105,0.6294995387058765,172.63,310.2730071649859
2023-03-27,191.81,2024-03-27,-0.062457640373286,0.582223123309428,179.83,303.4862172819814
2023-03-28,189.19,2024-03-28,-0.0708282678788519,0.3842360839486343,175.79,261.88362472224213
2023-03-29,193.88,2024-04-01,-0.0962451000618939,0.5384954260642201,175.22,298.28349320533096
2023-03-30,195.28,2024-04-01,-0.1027242933224088,0.7332250957087196,175.22,338.46419668999874
2023-03-31,207.46,2024-04-01,-0.1554034512677142,0.8465915634128891,175.22,383.093885745638
2023-04-03,194.77,2024-04-03,-0.1354931457616677,0.7545860791854555,168.38,341.7407306429512
2023-04-04,192.58,2024-04-04,-0.1114861356319452,0.5826019563286754,171.11,304.7774847497763
2023-04-05,185.52,2024-04-05,-0.1111470461405778,0.3922368293257058,164.9,258.287776576505
2023-04-06,185.06,2024-04-08,-0.0652761266616233,0.41955550819817883,172.98,262.702942347155
2023-04-10,184.51,2024-04-10,-0.0691019456940003,0.40030280519623335,171.76,258.36987058675703
2023-04-11,186.79,2024-04-11,-0.0652604529150382,0.4125457174340622,174.6,263.84941455950843
2023-04-12,180.54,2024-04-12,-0.0525645286363132,0.3941849642120491,171.05,251.70615343884336
2023-04-13,185.9,2024-04-15,-0.1313609467455622,0.5445951569197651,161.48,287.14023967138434
2023-04-14,185.0,2024-04-15,-0.1271351351351352,0.4108625119534632,161.48,261.0095647113907
2023-04-17,187.04,2024-04-17,-0.1688943541488452,0.4145767300686344,155.45,264.5824315920373
2023-04-18,184.31,2024-04-18,-0.1865335575931853,0.3885486633146736,149.93,255.92340413552748
2023-04-19,180.59,2024-04-19,-0.1859455119331081,0.4999871978647478,147.0101,270.88268806239483
2023-04-20,162.99,2024-04-22,-0.1284741395177617,0.785619746868142,142.05,291.0381625420385
2023-04-21,165.08,2024-04-22,-0.139508117276472,0.6179333891799094,142.05,267.08844388581946
2023-04-24,162.55,2024-04-24,-0.0025838203629653,0.9345395559854054,162.13,314.45940482542767
2023-04-25,160.67,2024-04-25,0.0591896433683949,1.0039251750222546,170.18,321.9706578708256
2023-04-26,153.75,2024-04-26,0.0945691056910569,0.9998966201126349,168.29,307.4841053423176
2023-04-27,160.19,2024-04-29,0.211373993382858,1.0024182131115222,194.05,320.7673735583347
2023-04-28,164.31,2024-04-29,0.1809993305337471,1.0227004169639138,194.05,332.34990551134064
2023-05-01,161.83,2024-05-01,0.1122165235123278,0.995939550794763,179.99,323.00289750511655
2023-05-02,160.31,2024-05-02,0.1228869066184268,0.9904733995407619,180.01,319.09279068037955
2023-05-03,160.61,2024-05-03,0.1281364796712532,0.9733639130166991,181.19,316.94197806961205
2023-05-04,161.2,2024-05-06,0.146153846153846,0.992286920050812,184.76,321.1566515121909
2023-05-05,170.06,2024-05-06,0.0864400799717746,0.9634577389996725,184.76,333.9056230942843
2023-05-08,171.79,2024-05-08,0.0170557075499155,0.9523220708345441,174.72,335.3894085486663
2023-05-09,169.15,2024-05-09,0.0166715932604197,0.9700333888080221,171.97,333.23114771687693
2023-05-10,168.54,2024-05-10,-0.0004153316720065,0.9440297565385553,168.47,327.6467751670081
2023-05-11,172.08,2024-05-13,-0.0011041376104139,0.96863254619991,171.89,338.76228855008054
2023-05-12,167.98,2024-05-13,0.023276580545303,1.0208008372164825,171.89,339.4541246356247
2023-05-15,166.35,2024-05-15,0.0459272617974151,0.9733623463685829,173.99,328.26882631841374
2023-05-16,166.52,2024-05-16,0.0499639682920969,0.9925606988404279,174.84,331.80120757090805
2023-05-17,173.86,2024-05-17,0.020706315426205,1.3363527607200276,177.46,406.19829097878403
2023-05-18,176.89,2024-05-20,-0.0109672677935439,0.7675218321417542,174.95,312.6569368875549
2023-05-19,180.14,2024-05-20,-0.0288109248362384,0.9026333422426767,174.95,342.74037027159574
2023-05-22,188.87,2024-05-22,-0.0463811086991051,1.7176135981551377,180.11,513.2756802835609
2023-05-23,185.77,2024-05-23,-0.0647574958281745,1.6124780587980923,173.74,485.3200489829216
2023-05-24,182.9,2024-05-24,-0.0200109349371241,1.4205733336992514,179.24,442.7228627335931
2023-05-25,184.47,2024-05-28,-0.0418496232449721,1.3549307943050457,176.75,434.4140836254518
2023-05-26,193.17,2024-05-28,-0.0850028472330071,0.6916828318237157,176.75,326.7823726233872
2023-05-30,201.16,2024-05-30,-0.1112050109365679,0.5242769714051135,178.79,306.62355556785263
2023-05-31,203.93,2024-05-31,-0.1267591820722796,0.6290622560233285,178.08,332.2146658708374
2023-06-01,207.52,2024-06-03,-0.1504915188897456,0.7149788629141163,176.29,355.8924136319374
2023-06-02,213.97,2024-06-03,-0.176099453194373,0.6708990911214744,176.29,357.52227852726185
2023-06-05,217.61,2024-06-05,-0.1958090161297735,1.2709781020463393,175.0,494.18754478630393
2023-06-06,221.31,2024-06-06,-0.1959694546111788,1.3203721226209573,177.94,513.5215544572441
2023-06-07,224.57,2024-06-07,-0.2096896290688872,2.0102515548232214,177.48,676.0121916666508
2023-06-08,234.86,2024-06-10,-0.2600272502767606,2.3561384666710485,173.79,788.2226802823625
2023-06-09,244.4,2024-06-10,-0.288911620294599,2.177665687684291,173.79,776.6214940700407
2023-06-12,249.83,2024-06-12,-0.2903574430612817,2.7099211637815475,177.29,926.8496043475441
2023-06-13,258.71,2024-06-13,-0.2946928993854122,2.8514236186129693,182.47,996.4018043713612
2023-06-14,256.79,2024-06-14,-0.3067876474940614,2.8259607907393893,178.01,982.4684714539678
2023-06-15,255.9,2024-06-17,-0.2675263774912075,2.79485070643743,187.44,971.1022957773384
2023-06-16,260.54,2024-06-17,-0.2805711215168497,2.7117569794258634,187.44,967.0611634196146
2023-06-20,274.45,2024-06-20,-0.338422299143742,2.873506025935913,181.57,1063.0837288181112
2023-06-21,259.46,2024-06-21,-0.2946504278116086,2.2983503459237893,183.01,855.7899807533863
2023-06-22,264.61,2024-06-24,-0.3100034012320017,2.337767259837037,182.58,883.2065946254785
2023-06-23,256.6,2024-06-24,-0.28846453624318,2.215572944780461,182.58,825.1160176306663
2023-06-26,241.05,2024-06-26,-0.1853557353246214,1.6578471977426659,196.37,640.6740670158697
2023-06-27,250.21,2024-06-27,-0.2109827744694457,1.9338225770804323,197.42,734.0717470112951
2023-06-28,256.24,2024-06-28,-0.2277552294723697,1.3781792936806365,197.88,609.3846622127263
2023-06-29,257.5,2024-07-01,-0.185009708737864,1.1738080308179824,209.86,559.7555679356304
2023-06-30,261.77,2024-07-01,-0.1983038545287847,1.442503055621546,209.86,639.374024870052
2023-07-03,279.82,2024-07-03,-0.1194696590665428,2.397682527944727,246.39,950.7395249694936
2023-07-05,282.48,2024-07-05,-0.1096006796941376,2.604908088519337,251.52,1018.3144368449424
2023-07-06,276.54,2024-07-08,-0.0853402762710638,1.0146531158754133,252.94,557.1321726641868
2023-07-07,274.43,2024-07-08,-0.078307765186022,0.8358649253853794,252.94,503.8164114735097
2023-07-10,269.61,2024-07-10,-0.0235525388524164,0.7039463927410206,263.26,459.4009869469066
2023-07-11,269.79,2024-07-11,-0.1066014307424293,0.6226466585341378,241.03,437.7738420059251
2023-07-12,271.99,2024-07-12,-0.0873561527997353,0.7026247894069357,248.23,463.09691647079245
2023-07-13,277.9,2024-07-15,-0.0908960057574667,0.8668113520854126,252.64,518.7868747445361
2023-07-14,281.38,2024-07-15,-0.1021394555405501,0.7488058960236483,252.64,492.07900302313413
2023-07-17,290.38,2024-07-17,-0.1442248088711343,0.9250223368490296,248.5,558.9879861742212
2023-07-18,293.34,2024-07-18,-0.1503715824640349,1.1428443871126215,249.23,628.5819725156163
2023-07-19,291.26,2024-07-19,-0.1787406440980566,1.2657242128384725,239.2,659.9148342313335
2023-07-20,262.9,2024-07-22,-0.0433244579688093,0.5533465552101849,251.51,408.37480936475754
2023-07-21,260.02,2024-07-22,-0.0327282516729482,0.370945738686883,251.51,356.4733109733633
2023-07-24,269.06,2024-07-24,-0.1972422507990782,0.6239144809259437,215.99,436.9304302379344
2023-07-25,265.28,2024-07-25,-0.1697451749095294,0.5090667836274431,220.25,400.3252363606881
2023-07-26,264.35,2024-07-26,-0.168526574616985,0.3833464723238356,219.8,365.68763995880596
2023-07-27,255.71,2024-07-29,-0.0923311563880959,0.3616974013262188,232.1,348.19964249312744
2023-07-28,266.44,2024-07-29,-0.1288845518690887,0.6361664901219064,232.1,435.94019962808073
2023-07-31,267.43,2024-07-31,-0.1322215159107056,0.5328847504807015,232.07,409.939368821054
2023-08-01,261.07,2024-08-01,-0.1693415559045465,0.37539077346037575,216.86,359.0732692273003
2023-08-02,254.11,2024-08-02,-0.1827554995867932,0.4184949904589591,207.67,360.45376202552615
2023-08-03,259.32,2024-08-05,-0.23307110905445,0.42644362905040883,198.88,369.905361885352
2023-08-04,253.86,2024-08-05,-0.2165760655479398,0.3777255657886782,198.88,349.7494121311139
2023-08-07,251.45,2024-08-07,-0.2373831775700934,0.3964001066683567,191.76,351.1248068217583
2023-08-08,249.7,2024-08-08,-0.2036844213055666,0.4196664875602316,198.84,354.4907219437898
2023-08-09,242.19,2024-08-09,-0.1742020727527974,0.39967967232203744,200.0,338.98841983967424
2023-08-10,245.34,2024-08-12,-0.1950354609929078,0.40991175006355024,197.49,345.90774876059146
2023-08-11,242.65,2024-08-12,-0.1861116834947455,0.4263715375570572,197.49,346.1090535882199
2023-08-14,239.76,2024-08-14,-0.1600767434100767,0.6787611549218873,201.38,402.4997745040717
2023-08-15,232.96,2024-08-15,-0.0807864010989012,0.5253147286780924,214.14,355.3373191928484
2023-08-16,225.6,2024-08-16,-0.0420212765957446,0.4842663802052014,216.12,334.8504953742934
2023-08-17,219.22,2024-08-19,0.0159656965605328,0.5889463408094603,222.72,348.32881683224986
2023-08-18,215.49,2024-08-19,0.03355144090213,0.565050309550824,222.72,337.25269120510706
2023-08-21,231.28,2024-08-21,-0.034633344863369,0.7879783742070594,223.27,413.5236383866087
2023-08-22,233.19,2024-08-22,-0.0966164929885501,0.6437135463582041,210.66,383.2975618752696
2023-08-23,236.86,2024-08-23,-0.0698302794899942,0.726997115133298,220.32,409.05653669047297
2023-08-24,230.04,2024-08-26,-0.0731611893583723,0.7421968110256852,213.21,400.7749544083486
2023-08-25,238.59,2024-08-26,-0.1063749528479818,0.8268750758060054,213.21,435.8741243365548
2023-08-28,238.82,2024-08-28,-0.1384724897412277,0.8027698108250069,205.75,430.5374862212281
2023-08-29,257.18,2024-08-29,-0.1979158565984913,0.7705890800214199,206.28,455.3600995999088
2023-08-30,256.9,2024-08-30,-0.1665628649279874,0.7473613470807776,214.11,448.8971300650517
2023-08-31,258.08,2024-09-03,-0.1839739615623062,0.8105121637476542,210.6,467.25697921999455
2023-09-01,245.01,2024-09-03,-0.1404432472143993,0.987471061922033,210.6,486.9502848815173
2023-09-05,256.49,2024-09-05,-0.1026160863971306,1.5740973318955602,230.17,660.2302246578922
2023-09-06,251.92,2024-09-06,-0.163504287075262,1.5407615832934538,210.73,640.0686580632869
2023-09-07,251.49,2024-09-09,-0.1400453298341882,1.5203319837550908,216.27,633.8382905945679
2023-09-08,248.5,2024-09-09,-0.1296981891348088,1.4720590419597737,216.27,614.3066719270038
2023-09-11,273.58,2024-09-11,-0.1661305650997879,1.1916242205243424,228.13,599.5845542510496
2023-09-12,267.48,2024-09-12,-0.1408329594736055,1.1230965935499813,229.81,567.885876842749
2023-09-13,271.3,2024-09-13,-0.1511610762992997,1.1668534282368699,230.29,587.8673350806628
2023-09-14,276.04,2024-09-16,-0.178452398203159,1.6900746648017262,226.78,742.5682104718685
2023-09-15,274.39,2024-09-16,-0.1735121542330259,1.5190206671550277,226.78,691.194080860668
2023-09-18,265.28,2024-09-18,-0.143546441495778,1.885200790404796,227.2,765.3860656785843
2023-09-19,266.5,2024-09-19,-0.0847279549718574,1.5411455169839436,243.92,677.215280276221
2023-09-20,262.59,2024-09-20,-0.0926920293994438,1.760570938152495,238.25,724.8983226494636
2023-09-21,255.7,2024-09-23,-0.0222917481423542,2.165206232448707,250.0,809.3432336371343
2023-09-22,244.88,2024-09-23,0.0209081999346618,1.3672034870843974,250.0,579.6807899172272
2023-09-25,246.99,2024-09-25,0.0406089315356896,1.9441591710491593,257.02,727.1778736574319
2023-09-26,244.12,2024-09-26,0.0413730951990825,1.1712070592827384,254.22,530.0350673121021
2023-09-27,240.5,2024-09-27,0.0829937629937629,1.0302129401097369,260.46,488.2662120963917
2023-09-28,246.38,2024-09-30,0.0618962578131341,1.5490312410803884,261.63,628.0303171773861
2023-09-29,250.22,2024-09-30,0.045599872112541,1.6642448978082809,261.63,666.6473583295881
2023-10-02,251.6,2024-10-02,-0.0102543720190778,1.5885393813672153,249.02,651.2765083519913
2023-10-03,246.53,2024-10-03,-0.0238104895955867,1.6380399139553568,240.66,650.3559799874141
2023-10-04,261.16,2024-10-04,-0.0424260989431766,2.036915419752979,250.08,793.1208310226881
2023-10-05,260.05,2024-10-07,-0.0739088636800615,1.934732432589263,240.83,763.1771690948378
2023-10-06,260.53,2024-10-07,-0.0756150923118257,1.8905477087401599,240.83,753.0743945580737
2023-10-09,259.67,2024-10-09,-0.071706396580275,0.25774461351348027,241.05,326.5985437910454
2023-10-10,263.62,2024-10-10,-0.0942644715878916,0.3799075655107264,238.77,363.7712324199377
2023-10-11,262.99,2024-10-11,-0.1718316285790334,0.39645411189938196,217.8,367.25346688841853
2023-10-12,258.87,2024-10-14,-0.1533974581836443,0.4065380197340673,219.16,364.110497168558
2023-10-13,251.12,2024-10-14,-0.1272698311564193,0.2329994994683517,219.16,309.6308343064925
2023-10-16,253.92,2024-10-16,-0.128347511027095,0.26959745173771943,221.33,322.3761849452417
2023-10-17,254.85,2024-10-17,-0.1332548557975279,0.2896790870930892,220.89,328.6747153456738
2023-10-18,242.68,2024-10-18,-0.0905719465963409,0.2723937299617422,220.7,308.78451038711563
2023-10-19,220.11,2024-10-21,-0.0057244105220117,1.1274056010736437,218.85,468.26324685231975
2023-10-20,211.99,2024-10-21,0.0323600169819331,1.0087499441621983,218.85,425.8349006629444
2023-10-23,212.08,2024-10-23,0.0074028668427008,1.0197515828787564,213.65,428.34891569692667
2023-10-24,216.52,2024-10-24,0.2030297432107888,1.0307619566021051,260.48,439.70057884348785
2023-10-25,212.42,2024-10-25,0.2672535542792582,1.0089805512803276,269.19,426.7476487029671
2023-10-26,205.76,2024-10-28,0.2758067651632971,1.0213426552383813,262.51,415.9114647418494
2023-10-27,207.3,2024-10-28,0.2663289917993245,1.0130940548767808,262.51,417.3143975759567
2023-10-30,197.36,2024-10-30,0.3049756789623024,1.0421406283459853,257.55,403.0368744103637
2023-10-31,200.84,2024-10-31,0.2440250946026687,1.0328882070214909,249.85,408.2852674981962
2023-11-01,205.66,2024-11-01,0.2106389186035202,1.0114774194581237,248.98,413.6804460857577
2023-11-02,218.51,2024-11-04,0.1113450185346209,0.9688842558577382,242.84,430.22089874747434
2023-11-03,219.96,2024-11-04,0.1040189125295507,0.9530513975627467,242.84,429.59318540790173
2023-11-06,219.27,2024-11-06,0.3158662835773245,0.9742195049636014,288.53,432.8871108533689
2023-11-07,222.18,2024-11-07,0.3363489062921956,0.9652913723690801,296.91,436.64843711296226
2023-11-08,222.11,2024-11-08,0.4462203412723426,0.9010727955612355,321.22,422.2472786221061
2023-11-09,209.98,2024-11-11,0.6668254119439947,1.008571745026387,350.0,421.7598950206407
2023-11-10,214.65,2024-11-11,0.6305613789890518,0.9192568478762807,350.0,411.96848239664365
2023-11-13,223.71,2024-11-13,0.4761968620088508,0.9272683175351966,330.24,431.14919531579886
2023-11-14,237.41,2024-11-14,0.3107282759782654,1.8246591488519637,311.18,670.6023285289447
2023-11-15,242.84,2024-11-15,0.320704990940537,2.301962525952369,320.72,801.8485798022732
2023-11-16,233.59,2024-11-18,0.4501476946787106,1.4695225176936917,338.74,576.8557649080695
2023-11-17,234.3,2024-11-18,0.4457533077251387,1.2076878889424343,338.74,517.2612723792124
2023-11-20,235.6,2024-11-20,0.4517402376910016,1.2198299538279582,342.03,522.991937121867
2023-11-21,241.2,2024-11-21,0.4081260364842454,1.3575381320940711,339.64,568.6381974610899
2023-11-22,234.21,2024-11-22,0.5053157422825669,1.1948035885646189,352.56,514.0449484777193
2023-11-24,235.45,2024-11-25,0.4380547887024846,1.1611358211450062,338.59,508.83942908859166
2023-11-27,236.08,2024-11-27,0.4100728566587597,1.1678129304370664,332.89,511.7772766175827
2023-11-28,246.72,2024-11-29,0.3989948119325552,1.4076886085512779,345.16,594.0249335017713
2023-11-29,244.14,2024-11-29,0.413778979274187,1.2291191655683624,345.16,544.2171530818599
2023-11-30,240.08,2024-12-02,0.4873792069310227,1.2177944527611606,357.09,532.4480922188994
2023-12-01,238.83,2024-12-02,0.4951639241301342,1.500901762805961,357.09,597.2903680109478
2023-12-04,235.58,2024-12-04,0.5193564818745224,1.717147260179676,357.93,640.1055515531281
2023-12-05,238.72,2024-12-05,0.547796581769437,1.522742101782563,369.49,602.2289945375334
2023-12-06,239.37,2024-12-06,0.626018298032335,1.4794867148138728,389.22,593.5147349249967
2023-12-07,242.64,2024-12-09,0.6064540059347183,1.668444089833644,389.79,647.4712739572352
2023-12-08,243.84,2024-12-09,0.5985482283464567,1.191055996449214,389.79,534.2670941741763
2023-12-11,239.74,2024-12-11,0.7717944439809792,1.0620103077844354,424.77,494.34635118824053
2023-12-12,237.01,2024-12-12,0.7640605881608373,0.15391264022918213,418.1,273.48883486071844
2023-12-13,239.29,2024-12-13,0.823018095198295,0.43157447489742984,436.23,342.56145609820595
2023-12-14,251.05,2024-12-16,0.8443337980481973,0.468010704588253,463.02,368.54408738688096
2023-12-15,253.5,2024-12-16,0.8265088757396448,0.8374570120973709,463.02,465.7953525666835
2023-12-18,252.08,2024-12-18,0.7459933354490638,0.7036920569336809,440.13,429.4666937118423
2023-12-19,257.22,2024-12-19,0.6957079542803823,0.8063332781653223,436.17,464.62504580968425
2023-12-20,247.14,2024-12-20,0.703730678967387,0.46944974913373255,421.06,363.1598110009107
2023-12-21,254.5,2024-12-23,0.6919449901768173,0.9325101452064604,430.6,491.82383195504417
2023-12-22,252.54,2024-12-23,0.7050764235368656,0.5104649468848501,430.6,381.4528176863
2023-12-26,256.61,2024-12-26,0.7697283815907408,0.7319364679691879,454.13,444.43221704557334
2023-12-27,261.44,2024-12-27,0.6510862913096696,0.7798151490153257,431.66,465.3148725585667
2023-12-28,253.18,2024-12-30,0.6486689311951972,0.48463644370715203,417.41,375.88025481777674
2023-12-29,248.48,2024-12-30,0.6798535093367677,0.4974087219528567,417.41,372.0761192308458
2024-01-02,248.42,2025-01-02,0.5267691812253441,0.5322319799643879,379.28,380.6370684627532
2024-01-03,238.45,2025-01-03,0.7212832879010276,0.2660712395534706,410.44,301.894687071525
2024-01-04,237.93,2025-01-06,0.7276089606186693,0.22892496636319304,411.05,292.3981172467945
2024-01-05,237.49,2025-01-06,0.7308097183039286,0.19537379744927774,411.05,283.88932315622895
2024-01-08,240.45,2025-01-08,0.6425036390101893,0.24982362500790045,394.94,300.52009063314966
2024-01-09,234.96,2025-01-10,0.6800306435137895,0.16732016582768197,394.74,274.27354616287215
2024-01-10,233.94,2025-01-10,0.6873557322390358,0.18282032316119462,394.74,276.7089864003299
2024-01-11,227.22,2025-01-13,0.7749757943842972,0.16454024846089144,403.31,264.6068352552838
2024-01-12,218.89,2025-01-13,0.8425236420119695,0.18904986558031497,403.31,260.27112507687514
2024-01-16,219.91,2025-01-16,0.8817698149242872,0.3739243211493754,413.82,302.1396974639592
2024-01-17,215.55,2025-01-17,0.9786592437949432,0.39550716304961975,426.5,300.8015689953456
2024-01-18,211.88,2025-01-21,1.0014630923164054,0.49037421455164887,424.07,315.7804885792034
2024-01-19,212.19,2025-01-21,0.9985390451953438,0.3804383538887967,424.07,292.91521431166376
2024-01-22,208.8,2025-01-22,0.9880747126436782,0.48455597926729305,415.11,309.9752884710108
2024-01-23,209.14,2025-01-23,0.9717892320933348,0.5194991212674305,412.38,317.7880462218704
2024-01-24,207.83,2025-01-24,0.9563104460376266,0.5355865454174076,406.58,319.1409517340998
2024-01-25,182.63,2025-01-27,1.1746153424957564,1.252239052545891,397.15,411.32641816645605
2024-01-26,183.25,2025-01-27,1.167257844474761,1.2036407332740096,397.15,403.81716437246223
2024-01-29,190.93,2025-01-29,1.0379196564185826,0.9738860986968768,389.1,376.8740728241947
2024-01-30,191.59,2025-01-30,1.0892530925413642,1.011690328547961,400.28,385.41975004650385
2024-01-31,187.29,2025-01-31,1.1602861871963266,1.0054753378045966,404.6,375.60547601742286
2024-02-01,188.86,2025-02-03,1.0315577676585828,0.9722686385337233,383.68,372.482655073479
2024-02-02,187.91,2025-02-03,1.041828534936938,0.971486212074851,383.68,370.46197411098524
2024-02-05,181.06,2025-02-05,1.0886446481829228,1.048687518189167,378.17,370.93536204333066
2024-02-06,185.1,2025-02-06,1.0222582387898431,1.0079174320734778,374.32,371.66551667680073
2024-02-07,187.58,2025-02-07,0.9278174645484591,0.9748734100060197,361.62,370.4467542489292
2024-02-08,189.56,2025-02-10,0.8502321164802702,0.9734129969191195,350.73,374.0801676959883
2024-02-09,193.57,2025-02-10,0.8119026708684198,0.9521062516493705,350.73,377.86920713176863
2024-02-12,188.13,2025-02-12,0.788709934619678,0.9977445335380272,336.51,375.83567909450903
2024-02-13,184.02,2025-02-13,0.934246277578524,1.0424727688832427,355.94,375.8558389298943
2024-02-14,188.71,2025-02-14,0.8856446399236921,1.002785503072308,355.84,377.9456522847753
2024-02-15,200.45,2025-02-18,0.7665752057869795,1.0309376807450614,354.11,407.10145810534755
2024-02-16,199.95,2025-02-18,0.7709927481870469,1.062758701803826,354.11,412.44860242567506
2024-02-20,193.76,2025-02-20,0.829066886870355,1.035633373794408,354.4,394.4243225064044
2024-02-21,194.77,2025-02-21,0.7343533398367306,1.0021545740102689,337.8,389.95964637998003
2024-02-22,197.41,2025-02-24,0.6736740793272884,1.0279965834110174,330.4,400.3468055311689
2024-02-23,191.97,2025-02-24,0.7211022555607647,1.3011694278902983,330.4,441.75549507210053
2024-02-26,199.4,2025-02-26,0.4583751253761283,1.416936242314886,290.8,481.93708671758833
2024-02-27,199.73,2025-02-27,0.4116557352425776,0.24449807338938034,281.95,248.56360019806095
2024-02-28,202.04,2025-02-28,0.4501088893288458,1.0070023042455984,292.98,405.4947455497807
2024-02-29,201.88,2025-02-28,0.4512581731721816,0.8294445298921458,292.98,369.3282616946264
2024-03-01,202.64,2025-03-03,0.4047078562968811,0.4247686180488736,284.65,288.71511276142377
2024-03-04,188.14,2025-03-04,0.445944509407888,1.20764939319094,272.04,415.34715683494346
2024-03-05,180.74,2025-03-05,0.5442071483899524,1.070892615319713,279.1,374.293131292885
2024-03-06,176.54,2025-03-06,0.4922963634303841,1.0901291565471916,263.45,368.99140129684116
2024-03-07,178.65,2025-03-07,0.4703050657710608,1.0962543037185397,262.67,374.49583135931715
2024-03-08,175.34,2025-03-10,0.2669670354739364,1.0979036052488607,222.15,367.8464181443352
2024-03-11,177.77,2025-03-11,0.2970692467795466,1.0825686189334756,230.58,370.21822338780396
2024-03-12,177.54,2025-03-12,0.3973752393826744,1.0621831121543897,248.09,366.11998973189037
2024-03-13,169.48,2025-03-13,0.4201085673825822,1.5018133813182128,240.68,424.00733186581067
2024-03-14,162.5,2025-03-14,0.5383384615384614,1.6556519443992026,249.98,431.5434409648704
2024-03-15,163.57,2025-03-17,0.4550956776915082,1.5708253711850568,238.01,420.50990596473974
2024-03-18,173.8,2025-03-18,0.2963751438434983,1.5886790206733454,225.31,449.9124137930275
2024-03-19,171.32,2025-03-19,0.3767219238851274,1.3003253483040493,235.86,394.0917386714498
2024-03-20,175.66,2025-03-20,0.3449846293977001,1.2532638605041573,236.26,395.80832973616026
2024-03-21,172.82,2025-03-21,0.4391274158083555,1.3991412706576998,248.71,414.6195943950637
2024-03-22,170.83,2025-03-24,0.6296317976936134,1.5400350479622729,278.39,433.9141872433951
2024-03-25,172.63,2025-03-25,0.6691189248682152,1.6049378493270743,288.14,449.6904209293328
2024-03-26,177.67,2025-03-26,0.5312658299093826,1.2064794223252044,272.06,392.02519896451906
2024-03-27,179.83,2025-03-27,0.518823333147973,1.0909188765342923,273.13,376.00994156716183
2024-03-28,175.79,2025-03-28,0.4992320382274307,1.184173877506475,263.55,383.9559259268632
2024-04-01,175.22,2025-04-01,0.5321310352699462,1.0866478126573844,268.46,365.62242973382683
2024-04-02,166.63,2025-04-02,0.696933325331573,1.2681522417012847,282.76,377.94220803468505
2024-04-03,168.38,2025-04-03,0.5873619194678701,1.1926498162888166,267.28,369.1983760667109
2024-04-04,171.11,2025-04-04,0.3992753199696102,1.1532006649248614,239.43,368.4341657752931
2024-04-05,164.9,2025-04-07,0.4147362037598543,1.2029374404351454,233.29,363.26438392775555
2024-04-08,172.98,2025-04-08,0.2825760203491734,1.0762325306056224,221.86,359.1467031441606
2024-04-09,176.88,2025-04-09,0.5388964269561285,1.0440912987579667,272.2,361.55886892430914
2024-04-10,171.76,2025-04-10,0.4694923148579415,0.9997446838668439,252.4,343.47614690096907
2024-04-11,174.6,2025-04-11,0.4450744558991981,1.0253726765606697,252.31,353.6300693274929
2024-04-12,171.05,2025-04-14,0.4752996199941537,1.1338998383409036,252.35,365.0035673482116
2024-04-15,161.48,2025-04-15,0.5736314094624724,1.0580407169853863,254.11,332.33241497880016
2024-04-16,157.11,2025-04-16,0.5374578320921646,1.0583552717653717,241.55,323.3881967470576
2024-04-17,155.45,2025-04-17,0.5527179157285302,1.0695016270583269,241.37,321.7040279262169
2024-04-18,149.93,2025-04-21,0.5173747748949509,1.1345394645934368,227.5,320.031501926494
2024-04-19,147.0101,2025-04-21,0.5475127219150249,1.2565703547339144,227.5,331.7386335064682
2024-04-22,142.05,2025-04-22,0.6752551918338612,1.0587876806820686,237.97,292.45079004088785
2024-04-23,144.68,2025-04-23,0.7330660768592756,1.0334346748301793,250.74,294.1973287544303
2024-04-24,162.13,2025-04-24,0.600629124776414,0.9668921123853246,259.51,318.89221818103266
2024-04-25,170.18,2025-04-25,0.6744035726877422,1.1111232741486288,284.95,359.27095879461365
2024-04-26,168.29,2025-04-28,0.6987343276487017,0.845565379976457,285.88,310.59019779623793
2024-04-29,194.05,2025-04-29,0.5049214120072143,0.6052575817144942,292.03,311.5002337316976
2024-04-30,183.28,2025-04-30,0.5395024006983851,0.643194262896218,282.16,301.16464450361883
2024-05-01,179.99,2025-05-01,0.5585310295016388,0.756265974151027,280.52,316.11031268744335
2024-05-02,180.01,2025-05-02,0.5955224709738347,0.8073004046604075,287.21,325.33214584291994
2024-05-03,181.19,2025-05-05,0.5467741045311552,0.6063523927904602,280.26,291.05499004970346
2024-05-06,184.76,2025-05-06,0.490311755791297,0.9677983102483227,275.35,363.57041580148007
2024-05-07,177.81,2025-05-07,0.5534559361115798,0.8528589232874375,276.22,329.45684514973925
2024-05-08,174.72,2025-05-08,0.6301510989010988,0.8592556134344482,284.82,324.8491407792668
2024-05-09,171.97,2025-05-09,0.7343722742338779,0.8995319575886361,298.26,326.66251074651774
2024-05-10,168.47,2025-05-12,0.8898320175698937,0.5432111467296572,318.38,259.98478188954533
2024-05-13,171.89,2025-05-13,0.9435103845482578,0.9271897920564561,334.07,331.26465335658423
2024-05-14,177.55,2025-05-14,0.9582089552238806,0.5996026367454816,347.68,284.0094481541603
2024-05-15,173.99,2025-05-15,0.970343123167998,0.6262428191161732,342.82,282.94998809802297
2024-05-16,174.84,2025-05-16,1.001715854495539,0.5844889616694172,349.98,277.03205005828096
2024-05-17,177.46,2025-05-19,0.9277020173560238,0.6194607050802465,342.09,287.38949672354056
2024-05-20,174.95,2025-05-20,0.9652472134895684,0.7062343883851689,343.82,298.5057062479853
2024-05-21,186.6,2025-05-21,0.7932475884244374,1.9011929350147083,334.62,541.3626016737445
2024-05-22,180.11,2025-05-22,0.893509521958803,0.7086490585280354,341.04,307.74478193148445
2024-05-23,173.74,2025-05-23,0.9531483826407272,1.1458092031496854,339.34,372.81289095522635
2024-05-24,179.24,2025-05-27,1.0246038830618165,1.2125697903060941,362.89,396.58100921446436
2024-05-28,176.75,2025-05-28,1.0192362093352192,1.8004541871587723,356.9,494.980277580313
2024-05-29,176.19,2025-05-29,1.0343379306430558,1.728997405218161,358.43,480.82205282538774
2024-05-30,178.79,2025-05-30,0.9378041277476368,2.0005208273900097,346.46,536.4631187290598
2024-05-31,178.08,2025-06-02,0.9243598382749324,1.7803969070246781,342.69,495.1330812029547
2024-06-03,176.29,2025-06-03,0.9528617618696468,1.7084124990224556,344.27,477.46603945266867
2024-06-04,174.77,2025-06-04,0.899925616524575,1.5343430777235227,332.05,442.92713969374006
2024-06-05,175.0,2025-06-05,0.6268571428571428,0.2569870506372818,284.7,219.97273386152432
2024-06-06,177.94,2025-06-06,0.6586489828031921,0.20307676737856054,295.14,214.07547998734105
2024-06-07,177.48,2025-06-09,0.7386747802569305,0.27160882210469645,308.58,225.6851337471415
2024-06-10,173.79,2025-06-10,0.876345014097474,0.29738268312840893,326.09,225.4721365008862
2024-06-11,170.66,2025-06-11,0.9127504980663308,0.2535120582414451,326.43,213.92436785948502
2024-06-12,177.29,2025-06-12,0.799932314287326,0.4058030276245331,319.11,249.23481876755343
2024-06-13,182.47,2025-06-13,0.7828136131966899,0.3542608031294016,325.31,247.11196874702193
2024-06-14,178.01,2025-06-16,0.8489410707263638,1.8090447323172998,329.13,500.03805279980253
2024-06-17,187.44,2025-06-17,0.687740076824584,2.3344002164258253,316.35,624.9999765668567
2024-06-18,184.86,2025-06-18,0.7421291788380395,2.1716260819885345,322.05,586.3067975164005
2024-06-20,181.57,2025-06-20,0.7743019221236991,0.3155582580852026,322.16,238.8659129205302
2024-06-21,183.01,2025-06-23,0.9052510791760012,0.245941711873887,348.68,228.01979269004002
2024-06-24,182.58,2025-06-24,0.864771606966809,0.42820478997331557,340.47,260.761630553328
2024-06-25,187.35,2025-06-25,0.7483319989324795,0.597620725803843,327.55,299.31424297934996
2024-06-26,196.37,2025-06-26,0.6590110505678055,0.7100053411544169,325.78,335.79374884249285
2024-06-27,197.42,2025-06-27,0.6392969304021883,0.5541546544186218,323.63,306.8212118753243
2024-06-28,197.88,2025-06-30,0.605316353345462,0.7227217305373946,317.66,340.89217603873965
2024-07-01,209.86,2025-07-01,0.4329076527208613,0.80094194151927,300.71,377.94567584723404
2024-07-02,231.26,2025-07-02,0.3649139496670412,2.2138488783847805,315.65,743.2346916152643
2024-07-03,246.39,2025-07-03,0.2798814886967817,2.561192857171393,315.35,877.4423080784595
2024-07-05,251.52,2025-07-07,0.1686545801526717,2.59584271279495,293.94,904.4263591221859
2024-07-08,252.94,2025-07-08,0.1773938483434807,2.632511149241544,297.81,918.8073700891562
2024-07-09,262.33,2025-07-09,0.1278923493309953,2.5414333955963273,295.88,929.0242226667845
2024-07-10,263.26,2025-07-10,0.1770493048697106,2.823266905687765,309.87,1006.5132455913609
2024-07-11,241.03,2025-07-11,0.3007094552545326,0.6627810018808338,313.51,400.78010488333734
2024-07-12,248.23,2025-07-14,0.276638601297184,1.046323673255827,316.9,507.958925412294
2024-07-15,252.64,2025-07-15,0.2301298290056996,0.9952755981064821,310.78,504.08642710562157
2024-07-16,256.56,2025-07-16,0.2537807920174619,0.902012567129373,321.67,487.98034422271195
2024-07-17,248.5,2025-07-17,0.2853521126760565,0.97674053220281,319.41,491.2200222523983
2024-07-18,249.23,2025-07-18,0.3226738354130722,1.0162433808277855,329.65,502.50833780370897
2024-07-19,239.2,2025-07-21,0.3732859531772576,0.8062241637045745,328.49,432.04881995813423
2024-07-22,251.51,2025-07-22,0.3204643950538748,1.0353131020187214,332.11,511.9015982887286
2024-07-23,246.38,2025-07-23,0.3497848851367806,0.6750644319852952,332.56,412.702374752537
2024-07-24,215.99,2025-07-24,0.4134913653409879,0.9388142448341912,305.3,418.76448874173695
2024-07-25,220.25,2025-07-25,0.4350056753688989,0.6447532672269831,316.06,362.25690710674303
2024-07-26,219.8,2025-07-28,0.4813011828935394,0.7200783663255094,325.59,378.073224918347
2024-07-29,232.1,2025-07-29,0.3838862559241707,0.5946361232481266,321.2,370.11504420589023
2024-07-30,222.62,2025-07-30,0.4331147246428892,0.6786695763950701,319.04,373.7054210970705
2024-07-31,232.07,2025-07-31,0.3283492049812555,0.8935225409432697,308.27,439.42977607670457
2024-08-01,216.86,2025-08-01,0.3955086230747946,0.883905475315196,302.63,408.54374137685346
2024-08-02,207.67,2025-08-04,0.4891895796215149,0.8438223716882826,309.26,382.90659192850563
2024-08-05,198.88,2025-08-05,0.5522928399034595,1.3411231223144742,308.72,465.60256656590263
2024-08-06,200.64,2025-08-06,0.5944477671451358,1.039854325940742,319.91,409.27637195675044
2024-08-07,191.76,2025-08-07,0.680590321234877,1.0149279085935006,322.27,386.38257575188965
2024-08-08,198.84,2025-08-08,0.6578656205994768,1.29528681810291,329.65,456.3948309115826
2024-08-09,200.0,2025-08-11,0.6951499999999999,1.0626790781591042,339.03,412.53581563182087
2024-08-12,197.49,2025-08-12,0.7258595371917564,0.8730871353908903,340.84,369.915978368347
2024-08-13,207.83,2025-08-13,0.6329692537169802,1.2261903169973378,339.38,462.6691335815567
2024-08-14,201.38,2025-08-14,0.666401827391002,0.8343429251342883,335.58,369.39997826354295
2024-08-15,214.14,2025-08-15,0.5436630241897824,0.9674153782766952,330.56,421.30232910417146
2024-08-16,216.12,2025-08-18,0.5508051082731817,0.6491767265891343,335.16,356.4200741504437
2024-08-19,222.72,2025-08-19,0.478582974137931,0.9394414335556018,329.31,431.95239608150365
2024-08-20,221.1,2025-08-20,0.4649479873360469,0.5645312030831899,323.9,345.9178490016933
2024-08-21,223.27,2025-08-21,0.4337349397590362,0.5169558541584969,320.11,338.69073355796763
2024-08-22,210.66,2025-08-22,0.6140225956517611,1.5264077382656227,340.01,532.2130541430361
2024-08-23,220.32,2025-08-25,0.5731663035584607,0.717515517982886,346.6,378.4030189219894
2024-08-26,213.21,2025-08-26,0.6494066882416396,1.6140243715921345,351.67,557.3361362671591
2024-08-27,209.21,2025-08-27,0.6710482290521487,1.0580620400619671,349.6,430.56715940136417
2024-08-28,205.75,2025-08-28,0.6815552855407048,1.0031110100672584,345.98,412.14009032133845
2024-08-29,206.28,2025-08-29,0.6185282140779522,0.6549412741804701,333.87,341.38128603794735
2024-08-30,214.11,2025-09-02,0.5382747186025874,0.48104454538704045,329.36,317.10644761281924
2024-09-03,210.6,2025-09-03,0.5863722697056029,0.7166046962151735,334.09,361.5169490229155
2024-09-04,219.41,2025-09-04,0.5429105327924888,0.4600124135968871,338.53,320.34132366729295
2024-09-05,230.17,2025-09-05,0.5242646739366554,0.4768769196018322,350.84,339.93276058475374
2024-09-06,210.73,2025-09-08,0.6438096141982632,0.6660413284336956,346.4,351.0848891408327
2024-09-09,216.27,2025-09-09,0.6043371711286818,1.061194634599709,346.97,445.77456362487914
2024-09-10,226.17,2025-09-10,0.5377371004111953,1.1903155698282561,347.79,495.3836724280567
2024-09-11,228.13,2025-09-11,0.616665936089072,0.6183689783262251,368.81,369.19851502556173
2024-09-12,229.81,2025-09-12,0.7229015273486794,0.5812689546177585,395.94,363.3914184607071
2024-09-13,230.29,2025-09-15,0.7805375830474621,0.4803937667753874,410.04,340.91988055070397
2024-09-16,226.78,2025-09-16,0.8591586559661346,0.4276860967281449,421.62,323.7706530160087
2024-09-17,227.87,2025-09-17,0.8688726027998421,0.42801267457938297,425.86,325.401248156404
2024-09-18,227.2,2025-09-18,0.8347271126760565,0.4376576377287634,416.85,326.635815291975
2024-09-19,243.92,2025-09-19,0.7467612331912103,0.7436042745018138,426.07,425.29995463648237
2024-09-20,238.25,2025-09-22,0.8224973767051416,0.5115241141032911,434.21,360.1206201851091
2024-09-23,250.0,2025-09-23,0.7034,0.5108630993218156,425.85,377.71577483045394
2024-09-24,254.27,2025-09-24,0.741416604396901,0.47987512452886827,442.79,376.2878479139554
2024-09-25,257.02,2025-09-25,0.6473037117734028,0.5092123589491421,423.39,387.8977604971085
2024-09-26,254.22,2025-09-26,0.7323578003304223,1.2676342926647757,440.4,576.4779898812393
2024-09-27,260.46,2025-09-29,0.7016432465637719,1.2066354673976514,443.21,574.7402738383923
2024-09-30,261.63,2025-09-30,0.699805068226121,1.228724964459022,444.72,583.1013124514138
2024-10-01,258.02,2025-10-01,0.780714673281141,1.3151788759516685,459.46,597.3624535730495
2024-10-02,249.02,2025-10-02,0.7508633844671111,1.328070172330874,436.0,579.7360343138344
2024-10-03,240.66,2025-10-03,0.7860467048948725,1.9604117729756048,429.83,712.4526972843091
2024-10-04,250.08,2025-10-06,0.8124200255918106,1.9113650259331967,453.25,728.0741656853739
2024-10-07,240.83,2025-10-07,0.7983224681310466,1.744227294225891,433.09,660.8922592684214
2024-10-08,244.5,2025-10-08,0.7942331288343558,2.034195423256342,438.69,741.8607809861757
2024-10-09,241.05,2025-10-09,0.8068450528935904,2.0634070587281292,435.54,738.4342715064156
2024-10-10,238.77,2025-10-10,0.7317502198768688,2.1229048823651815,413.49,745.6559987623344
2024-10-11,217.8,2025-10-13,1.0013774104683195,1.6736375466841142,435.9,582.3182576678001
2024-10-14,219.16,2025-10-14,0.9585690819492608,1.7888681745079846,429.24,611.20834912517
2024-10-15,219.57,2025-10-15,0.9818281185954364,1.8891297842483978,435.15,634.3662267274207
2024-10-16,221.33,2025-10-16,0.9371526679618668,1.7182594427470952,428.75,601.6323624632146
2024-10-17,220.89,2025-10-17,0.9888179636923358,1.6734815890726258,439.31,590.5453482102523
2024-10-18,220.7,2025-10-20,1.0273221567739013,1.6130560977192638,447.43,576.7014807666416
2024-10-21,218.85,2025-10-21,1.022389764679004,1.5657687555827313,442.6,561.5184921592808
2024-10-22,217.97,2025-10-22,1.0139009955498466,1.4283428940625462,438.97,529.3059006188132
2024-10-23,213.65,2025-10-23,1.1014743739761292,0.9704527560683206,448.98,420.9872313339967
2024-10-24,260.48,2025-10-24,0.6650798525798525,1.2249913633666554,433.72,579.5657503297464
2024-10-25,269.19,2025-10-27,0.6806716445633196,1.263721280680614,452.42,609.3711315464145
2024-10-28,262.51,2025-10-28,0.7544093558340637,1.1332503841374983,460.55,559.9995583399347
2024-10-29,259.52,2025-10-29,0.7783215166461159,1.153195139462908,461.51,558.7972025934139
2024-10-30,257.55,2025-10-30,0.7087944088526499,1.0630602798015403,440.1,531.3411750628867
2024-10-31,249.85,2025-10-31,0.8273364018411047,0.7924347362283425,456.56,447.8398188466513
2024-11-01,248.98,2025-11-03,0.8811551128604709,0.6495128474604043,468.37,410.6957087606914
2024-11-04,242.84,2025-11-04,0.8294350189425135,0.6494543470333465,444.26,400.5534936335779
2024-11-05,251.44,2025-11-05,0.8376948775055679,0.7035095109058968,462.07,428.33043142217866
2024-11-06,288.53,2025-11-06,0.5454545454545456,1.2698934458407014,445.91,654.9323559284176
2024-11-07,296.91,2025-11-07,0.4466336600316591,1.2531107824492294,429.52,668.9711224170007
2024-11-08,321.22,2025-11-10,0.3860593985430545,1.551136857015388,445.23,819.476181210483
2024-11-11,350.0,2025-11-11,0.2560571428571427,1.2228777171239293,439.62,778.0072009933754
2024-11-12,328.49,2025-11-12,0.3108466011141892,1.5852851501952783,430.6,849.240318987647
2024-11-13,330.24,2025-11-13,0.2172662306201549,1.4876103676668213,401.99,821.5084478182912
2024-11-14,311.18,2025-11-14,0.2994087023587635,3.712947039683066,404.35,1466.5748598085763
2024-11-15,320.72,2025-11-17,0.2750062359690695,2.8181447366609755,408.92,1224.555379941908
2024-11-18,338.74,2025-11-18,0.1845368128948454,1.4873152284364228,401.25,842.5531604805539
2024-11-19,346.0,2025-11-19,0.1676011560693642,1.3676158770608007,403.99,819.195093463037
2024-11-20,342.03,2025-11-20,0.1555419115282286,1.62774206247754,395.23,898.766617629193
2024-11-21,339.64,2025-11-21,0.1514839241549876,2.813647856067954,391.09,1295.2673578349197
2024-11-22,352.56,2025-11-24,0.1849897889720897,1.2729661712399052,417.78,801.3569533323409
2024-11-25,338.59,2025-11-25,0.2386662334977407,1.7480523422835264,419.4,930.4630425737791
2024-11-26,338.23,2025-11-26,0.2612127842001004,2.2664269961837893,426.58,1104.803602919243
2024-11-27,332.89,2025-11-28,0.2922286641232841,1.9449799641025107,430.17,980.3543802500848
2024-11-29,345.16,2025-12-01,0.2462046587090043,2.48429651606441,430.14,1202.639785484792
2024-12-02,357.09,2025-12-02,0.2020499033857012,2.4193720487164416,429.24,1221.023564876154
2024-12-03,351.42,2025-12-03,0.2712423880257242,2.52120469788903,446.74,1237.421754932163
2024-12-04,357.93,2025-12-04,0.2698851730785347,2.692553111478689,454.53,1321.6755351915672
2024-12-05,369.49,2025-12-05,0.2314271022219816,0.9304110071916737,455.0,713.2675630472515
2024-12-06,389.22,2025-12-08,0.1293869790863777,0.7920240220094392,439.58,697.491589846514
2024-12-09,389.79,2025-12-09,0.1420765027322403,0.8319404340667061,445.17,714.0720617948614
2024-12-10,400.99,2025-12-10,0.1258385495897653,1.1408453956036018,451.45,858.4575951830884
2024-12-11,424.77,2025-12-11,0.0520752407185065,4.294220712229184,446.89,2248.8261319335907
2024-12-12,418.1,2025-12-12,0.0977278163118871,2.628888292466796,458.96,1517.2381950803674
2024-12-13,436.23,2025-12-15,0.0895857689750818,5.51418373420467,475.31,2841.682370372103
2024-12-16,463.02,2025-12-16,0.0580104531121765,5.576839197813667,489.88,3045.2080853716843
2024-12-17,479.86,2025-12-17,-0.0262576584837244,5.470376204591444,467.26,3104.8747255352505
2024-12-18,440.13,2025-12-18,0.0982437007247858,1.1455834441853092,483.37,944.3356412892801
2024-12-19,436.17,2025-12-19,0.1032395625558841,1.057497061719319,481.2,897.4184934101155
2024-12-20,421.06,2025-12-22,0.1607134375148435,0.9591461173973846,488.73,824.9180641913429
2024-12-23,430.6,2025-12-23,0.1276358569437992,0.9642365068391509,485.56,845.8002398449383
2024-12-24,462.28,2025-12-24,0.0500129791468373,1.4200718331462692,485.4,1118.7508070268573
2024-12-26,454.13,2025-12-26,0.0463743861889767,0.5735486435234931,475.19,714.5956454833239
2024-12-27,431.66,2025-12-29,0.0648195338924151,0.795762633858197,459.64,775.1588985312293
2024-12-30,417.41,2025-12-30,0.0886897774370523,0.7684745587891791,454.43,738.1789655841914
2024-12-31,403.84,2025-12-31,0.113609350237718,0.5921090828182384,449.72,642.9573320053173
2025-01-02,379.28,2026-01-02,0.1550042185192996,0.8256072487271352,438.07,692.4163172972277
2025-01-03,410.44,2026-01-05,0.100453172205438,0.8605850962763014,451.67,763.6585469156452
2025-01-06,411.05,2026-01-06,0.0533025179418562,0.8622449246985525,432.96,765.47577629734
2025-01-07,394.36,2026-01-07,0.0939496906379957,0.9313557106794506,431.41,761.6494380635481
2025-01-08,394.94,2026-01-08,0.1034587532283384,1.1813563403959682,435.8,861.5048730759837
2025-01-10,394.74,2026-01-12,0.1373562344834573,1.2386354004390867,448.96,883.6789379693251
2025-01-13,403.31,2026-01-13,0.1088244774491085,1.13908445156239,447.2,862.7141501596274
2025-01-14,396.36,2026-01-14,0.1080835603996366,1.1421822083809237,439.2,849.0753401138629
2025-01-15,428.22,2026-01-15,0.0241698192517862,1.07322905736941,438.57,887.7981469467288
2025-01-16,413.82,2026-01-16,0.0572229471751002,1.1090633246732018,437.5,872.7725850162644
2025-01-17,426.5,2026-01-20,-0.0169988276670574,1.1526443265614403,419.25,918.1028052784544
2025-01-21,424.07,2026-01-21,0.0173792062631168,1.0087221012813776,431.44,851.8387814903938
2025-01-22,415.11,2026-01-22,0.0825082508250825,1.066438640791388,449.36,857.799344178913
2025-01-23,412.38,2026-01-23,0.0889470876376157,0.6721789869913988,449.06,689.573170655513
2025-01-24,406.58,2026-01-26,0.0703920507649171,0.6141165120426324,435.2,656.2674914662934
2025-01-27,397.15,2026-01-27,0.0849804859624827,0.560938537882568,430.9,619.9267403200619
2025-01-28,398.09,2026-01-28,0.0838252656434475,0.7098850534265138,431.46,680.6881409185609
2025-01-29,389.1,2026-01-29,0.0705731174505268,0.4184191795282149,416.56,551.9069027544284
2025-01-30,400.28,2026-01-30,0.0752723093834317,0.412849909102713,430.41,565.5355616156339
2025-01-31,404.6,2026-02-02,0.0425358378645575,0.3977751071738506,421.81,565.53980836254
2025-02-03,383.68,2026-02-03,0.0997706422018347,0.3898120975668868,421.96,533.2431055944631
2025-02-04,392.21,2026-02-04,0.0351852324010097,0.4752698270485565,406.01,578.6155788667143
2025-02-05,378.17,2026-02-05,0.0503477272126291,0.40531714433293314,397.21,531.4487844723853
2025-02-06,374.32,2026-02-06,0.0982848899337465,0.4050869313522702,411.11,525.9521401437818
2025-02-07,361.62,2026-02-09,0.1540290913113211,0.8645777169556343,417.32,674.2685940054965
2025-02-10,350.73,2026-02-10,0.2123570837966526,0.9430822925462111,425.21,681.4972524647327
2025-02-11,328.5,2026-02-11,0.3037138508371384,0.9847586109427404,428.27,651.9932036946902
2025-02-12,336.51,2026-02-12,0.2393985319901339,0.9414012062090477,417.07,653.3009199014066
2025-02-13,355.94,2026-02-13,0.1727819295386863,0.933624736516177,417.44,688.254388715568
2025-02-14,355.84,2026-02-17,0.1539736960431654,0.9307998147448436,410.63,687.0558060788051
2025-02-18,354.11,2026-02-18,0.1615599672418175,0.8892934149194038,411.32,669.0176911571101
2025-02-19,360.56,2026-02-19,0.1418626580874196,0.9264125109019566,411.71,694.5872949308095
2025-02-20,354.4,2026-02-20,0.1620203160270881,0.9103219509845053,411.82,677.0180994289086
2025-02-21,337.8,2026-02-23,0.1836293664890467,0.9699561394929568,399.83,665.4511839207208
2025-02-24,330.4,2026-02-24,0.239043583535109,1.0005937539706304,409.38,660.9961763118962
2025-02-25,302.8,2026-02-25,0.3784676354029062,1.2114191560148355,417.4,669.6177204412922
2025-02-26,290.8,2026-02-26,0.4050206327372763,1.1119744991486873,408.58,614.1621843524383
2025-02-27,281.95,2026-02-27,0.4275935449547792,1.1662020615238595,402.51,610.7606712466521
2025-02-28,292.98,2026-03-02,0.3766127380708579,1.0505702056982844,403.32,600.7760588654835
2025-03-03,284.65,2026-03-03,0.3783769541542245,1.1847020150004923,392.355,621.87542856989
2025-03-04,272.04,2026-03-04,0.4922070283781796,1.1765999904674795,405.94,592.1222614067732
2025-03-05,279.1,2026-03-05,0.4525306341812969,1.1269503534750955,405.4013,593.6318436548992
2025-03-06,263.45,2026-03-06,0.5059024482824066,1.6435317869044965,396.73,696.4384492599896
2025-03-07,262.67,2026-03-09,0.5174934328244565,1.583890352341492,398.6,678.7104788495398
2025-03-10,222.15,2026-03-10,0.7972090929552105,3.5140482514822677,399.25,1002.7958190667858
2025-03-11,230.58,2026-03-11,0.768670309653916,2.858021817569309,407.82,889.5826706951314
2025-03-12,248.09,2026-03-12,0.5922044419363941,1.2656967075751158,395.01,562.0966961823106
2025-03-13,240.68,2026-03-13,0.6253947149742396,1.3583325108249542,391.2,567.60346870535
2025-03-14,249.98,2026-03-16,0.5823665893271464,1.318014202846262,395.56,579.4571904275086
2025-03-17,238.01,2026-03-17,0.677534557371539,2.5182631355092555,399.27,837.3818088825578
2025-03-18,225.31,2026-03-18,0.7432870267631262,2.6823405631428385,392.78,829.668152281713
2025-03-19,235.86,2026-03-19,0.6123971847706267,2.41837712492566,380.3,806.2584286849662
2025-03-20,236.26,2026-03-20,0.5574367222551426,2.3914388484203015,367.96,801.2613423277804
2025-03-21,248.71,2026-03-23,0.5313015158216396,1.1835242871482305,380.85,543.0643254566365
2025-03-24,278.39,2026-03-24,0.3758755702431839,1.0352545668953341,383.03,566.5945188779921
2025-03-25,288.14,2026-03-25,0.3394530436593324,0.9077622995550867,385.95,549.7026289938027
2025-03-26,272.06,2026-03-26,0.3677497610821143,0.9117159159987007,372.11,520.1014321066065
2025-03-27,273.13,2026-03-27,0.3247537802511624,0.894919306577033,361.83,517.559310205385
2025-03-28,263.55,2026-03-30,0.3480553974577878,0.9544154831837975,355.28,515.0862005930899
2025-03-31,259.16,2026-03-31,0.4344420435252352,0.8935525902383655,371.75,490.73308928617485
2025-04-01,268.46,2026-04-01,0.4201743276465768,0.7071559068989669,381.26,458.3030747660966
2025-04-02,282.76,2026-04-02,0.2752510963361154,0.7403445093898895,360.59,492.0998134750851
2025-04-03,267.28,2026-04-06,0.3200389105058367,0.9519073587395602,352.82,521.7057988439095
2025-04-04,239.43,2026-04-06,0.473583093179635,1.3101440648989922,352.82,553.1177934587657
2025-04-07,233.29,2026-04-07,0.4859188134939345,1.1025387140608929,346.65,490.50125660326574
2025-04-08,221.86,2026-04-08,0.547146849364464,1.1548896831806583,343.25,478.0838251104609
2025-04-09,272.2,2026-04-09,0.2697281410727408,1.2412388143462068,345.62,610.0652052650374
2025-04-10,252.4,2026-04-10,0.3825277337559429,1.3171632330805858,348.95,584.8520000295399
2025-04-11,252.31,2026-04-13,0.3967738099956404,1.2219550220184345,352.42,560.6214716054712
2025-04-14,252.35,2026-04-14,0.4432336041212601,1.2343565678802544,364.2,563.8398799045822
2025-04-15,254.11,2026-04-15,0.5424422494195427,1.2019268423060148,391.95,559.5316298983814
2025-04-16,241.55,2026-04-16,0.6100186296832952,1.2845364921765186,388.9,551.829789685238
2025-04-17,241.37,2026-04-17,0.6597754484815843,1.2597578054630325,400.62,545.4377415046122
2025-04-21,227.5,2026-04-21,0.6985494505494507,1.3813413922651545,386.42,541.7551667403227
2025-04-22,237.97,2026-04-22,0.6283985376307937,1.2442202908923843,387.51,534.0571026236607
2025-04-23,250.74,2026-04-23,0.4904682140863046,1.1471555241292382,373.72,538.3777761201652
2025-04-24,259.51,2026-04-24,0.45004046086856,1.0764385154543439,376.3,538.8565591455567
2025-04-25,284.95,2026-04-27,0.3288998069836815,1.081985203649863,378.67,593.2616837800283
2025-04-28,285.88,2026-04-28,0.3153071218693157,0.9255677582915649,376.02,550.4813107403926
2025-04-29,292.03,2026-04-29,0.2765811731671406,0.8456860112849308,372.8,538.9956858755384
2025-04-30,282.16,2026-04-30,0.3525304791607597,1.0811308714415755,381.63,587.211886685955
2025-05-01,280.52,2026-05-01,0.3931983459289891,1.119791774144892,390.82,594.6439884831251
2025-05-02,287.21,2026-05-04,0.366630688346506,0.8754268122568628,392.51,538.6413347482935
2025-05-05,280.26,2026-05-05,0.3893170627274673,0.6371906096094835,389.37,458.8390402491538
2025-05-06,275.35,2026-05-06,0.4480842564009442,0.6961223684574562,398.73,467.0272941547606
2025-05-07,276.22,2026-05-07,0.4908044312504525,0.5900984693858305,411.79,439.21699921375415
2025-05-08,284.82,2026-05-08,0.5039323081244296,1.7249735014398675,428.35,776.1269526801032
2025-05-09,298.26,2026-05-11,0.4919868571045396,1.5543675377728556,445.0,761.8656618161319
2025-05-12,318.38,2026-05-12,0.3614234562472518,1.270567417867036,433.45,722.9032545005068
2025-05-13,334.07,2026-05-13,0.3328643697428681,0.7631493584056445,445.27,589.0153061625737
2025-05-14,347.68,2026-05-14,0.2750230096640589,0.8093455158919085,443.3,629.0732489652987
2025-05-15,342.82,2026-05-15,0.2316667638994225,1.0024859676396412,422.24,686.4922394262219
2025-05-16,349.98,2026-05-18,0.1714669409680553,1.1449620782719372,409.99,750.6938281536126
2025-05-19,342.09,2026-05-19,0.1812973194188665,1.2729099007714142,404.11,777.5397479548931
2025-05-20,343.82,2026-05-20,0.2136001396079343,1.1083211051500392,417.26,724.8829623726864
2025-05-21,334.62,2026-05-21,0.2487299025760565,0.6660427951468185,417.85,557.4912401120284
2025-05-22,341.04,2026-05-22,0.2491496598639455,0.9932293067610086,426.01,679.7709227777743
2025-05-23,339.34,2026-05-26,0.277745034478694,0.5911677807369796,433.59,539.9468747152866
2025-05-27,362.89,2026-05-27,0.2134806690732729,1.6381556971797453,440.36,957.3603209495577
2025-05-28,356.9,2026-05-28,0.238722331185206,0.6980602130959366,442.1,606.0376900539397
2025-05-29,358.43,2026-05-29,0.2158301481460816,1.584163792925521,435.79,926.2418282982945
2025-05-30,346.46,2026-06-01,0.2003694510188767,0.43556587073445846,415.88,497.3661515746605
2025-06-02,342.69,2026-06-02,0.2365111325104321,0.3813661572970556,423.74,473.380368444128
2025-06-03,344.27,2026-06-03,0.2307200743602404,0.3826468277085773,423.7,476.0038233752319
2025-06-04,332.05,2026-06-04,0.2602017768408371,0.3394488593899106,418.45,444.7639937604198
2025-06-05,284.7,2026-06-05,0.3733754829645241,1.0362116880157433,391.0,579.7094675780821
2025-06-06,295.14,2026-06-08,0.3856136071017144,0.850333324466088,408.95,546.1073773829212
2025-06-09,308.58,2026-06-09,0.2855013286667964,0.5574395961462423,396.68,480.5947105788074
2025-06-10,326.09,2026-06-10,0.1701984114814929,0.7311717404252261,381.59,564.517792835262
2025-06-11,326.43,2026-06-11,0.2227736421284807,0.7148326601282977,399.15,559.7728252456802
2025-06-12,319.11,2026-06-12,0.273636050264799,0.6997621803997393,406.43,542.4111093873609
2025-06-13,325.31,2026-06-15,0.2638713842181304,0.8194962607373014,411.15,591.9003285804515
2025-06-16,329.13,2026-06-16,0.2294837905994593,0.8402955377804505,404.66,605.6964703496797
2025-06-17,316.35,2026-06-17,0.2529792950845582,0.6105809939146797,396.38,509.5072974249089
2025-06-18,322.05,2026-06-18,0.2435646638720694,0.7748182104627773,400.49,571.5802046795375
2025-06-20,322.16,2026-06-22,0.2572945120437049,1.315188385249154,405.05,745.8610901918674
2025-06-23,348.68,2026-06-23,0.094441895147413,0.8456429383017086,381.61,643.5387797270397
2025-06-24,340.47,2026-06-24,0.1029752988515873,0.9151832194643813,375.53,652.0624307310379
2025-06-25,327.55,2026-06-25,0.1452297359181804,0.6247781809434568,375.12,532.1960931680293
2025-06-26,325.78,2026-06-26,0.1655411627478666,0.6071411979723594,379.71,523.5744594754352
2025-06-27,323.63,2026-06-29,0.2725643481753854,0.7922589758457448,411.84,580.0287723529584
2025-06-30,317.66,2026-06-30,0.324057168041302,1.0826062024473542,420.6,661.5606862694266
2025-07-01,300.71,2026-07-01,0.4143194439825748,0.8588734958047498,425.3,558.9818489234463
2025-07-02,315.65,2026-07-02,0.2464755266909553,0.49512727939086537,393.45,471.93692573972663
2025-07-03,315.35,2026-07-06,0.3311241477723163,0.5090106264130947,419.77,475.86650103936944
2025-07-07,293.94,2026-07-07,0.3706878954888752,0.5159633762251591,402.9,445.6022748076233
2025-07-08,297.81,2026-07-08,0.3231926396024311,2.303775114685981,394.06,983.897266904632
2025-07-09,295.88,2026-07-09,0.3740367716641881,0.7465062907626526,406.55,516.7562813108536
2025-07-10,309.87,2026-07-10,0.3159066705392583,0.42867876766805124,407.76,442.704689737299
2025-07-11,313.51,2026-07-13,0.2591623871646837,0.4302206624639044,394.76,448.38847988905866
2025-07-14,316.9,2026-07-14,0.2501735563269172,0.3948743011843748,396.18,442.0356660453283
2025-07-15,310.78,2026-07-15,0.2692579960100392,0.37758430246313246,394.46,428.12564951949224
2025-07-16,321.67,2026-07-16,0.2157179718344886,0.397630951470106,391.06,449.575948159389
2025-07-17,319.41,2026-07-17,0.1923233461694997,0.3954208967122717,380.84,445.71138861886675
2025-07-18,329.65,2026-07-20,0.1210981343849537,0.4366228149156684,369.57,473.58271093695004
2025-07-21,328.49,2026-07-21,0.1535510974458886,0.4234586480732503,378.93,467.591931305582
2025-07-22,332.11,2026-07-22,0.1261630182770767,0.47551298887121174,374.01,490.0326187340182
2025-07-23,332.56,2026-07-23,-0.0386997834977147,0.8308441324945143,319.69,608.8655247023758
2025-07-24,305.3,2026-07-24,0.025319358008516,1.1565619458641683,313.03,658.3983620723305
2025-07-25,316.06,2026-07-27,-0.0216414604821868,1.8402000177587372,309.22,897.6736176128264
2025-07-28,325.59,2026-07-28,-0.0557449553118952,0.9966957019346107,307.44,650.1041535928898
2025-07-29,321.2,2026-07-29,-0.0712328767123288,0.927741565199024,298.32,619.1905907419265
2025-07-30,319.04,2026-07-30,-0.0319395687061183,1.4986894100790178,308.85,797.1818693916098
2025-07-31,308.27,2026-07-31,0.0095370941058163,0.9569093957824318,311.21,603.2564594378501
2025-08-01,302.63,2026-08-03,0.0642699005386113,0.9821179039820763,322.08,599.8483412820958
2025-08-04,309.26,2026-08-04,0.0584944706719265,1.4840073879499815,327.35,768.2041247974113
2025-08-05,308.72,2026-08-05,0.0415586939621663,1.2254688576977621,321.55,687.0467457484531
2025-08-06,319.91,2026-08-06,-0.0011878340783346,1.5311317396554418,319.53,809.7343548331726
2025-08-07,322.27,2026-08-07,0.0195798554007509,1.6435113562221382,328.58,851.9244047697084
2025-08-08,329.65,2026-08-10,0.0037312300925225,1.884402126761678,330.88,950.8431610869872
2025-08-11,339.03,2026-08-11,-0.0183464590154263,2.157629927432463,332.81,1070.531274297428
2025-08-12,340.84,2026-08-12,-0.0391092594765871,2.019797800819261,327.51,1029.267882431237
2025-08-13,339.38,2026-08-13,0.0017089987624492,2.264388515633634,339.96,1107.8681744357427
2025-08-14,335.58,2026-08-14,0.0199356338279992,2.099397212041092,342.27,1040.0957164167496
2025-08-15,330.56,2026-08-17,0.0264399806389157,2.0676410487113173,339.3,1014.039425062013
2025-08-18,335.16,2026-08-18,0.0051020408163264,2.1551982645169816,336.87,1057.4962503355116
2025-08-19,329.31,2026-08-19,0.066229388721873,1.9505557795953792,351.12,971.6475237785543
2025-08-20,323.9,2026-08-20,0.0655449212719976,1.6161539366926285,345.13,847.3722600947423
2025-08-21,320.11,2026-08-21,0.1335478429289931,0.33465238074577497,362.86,427.2355736005301
2025-08-22,340.01,2026-08-24,0.0262933443134025,0.3536327315626393,348.95,460.24866505861297
2025-08-25,346.6,2026-08-25,0.0105308713214078,0.2659974292441941,350.25,438.79470897603767
